feature,importance,normalized_importance,cumulative_importance,selected,group,outer_fold
USAGE_OF_DRESSER_median,0.14388573,0.14388573,0.14388573,True,low,1
MAIN_OUTER_AIR_BAG_PRESSURE_q90,0.07863476,0.07863476,0.2225205,True,low,1
MAIN_OUTER_AIR_BAG_PRESSURE_q75,0.046557553,0.046557553,0.26907805,True,low,1
CENTER_AIR_BAG_PRESSURE_q90,0.033461757,0.033461757,0.3025398,True,low,1
CENTER_AIR_BAG_PRESSURE_q75,0.030152656,0.030152656,0.33269244,True,low,1
WAFER_ROTATION_seg2_mean,0.027824903,0.027824903,0.36051735,True,low,1
EDGE_AIR_BAG_PRESSURE_q75,0.027732527,0.027732527,0.38824987,True,low,1
USAGE_OF_DRESSER_TABLE_median,0.026356284,0.026356284,0.41460615,True,low,1
SLURRY_FLOW_LINE_C_q90,0.022732066,0.022732066,0.43733823,True,low,1
SLURRY_FLOW_LINE_C_q10,0.022049444,0.022049444,0.4593877,True,low,1
RIPPLE_AIR_BAG_PRESSURE_q75,0.021997942,0.021997942,0.48138562,True,low,1
PRESSURIZED_CHAMBER_PRESSURE_q75,0.020443413,0.020443413,0.501829,True,low,1
SLURRY_FLOW_LINE_C_q25,0.01798409,0.01798409,0.5198131,True,low,1
WAFER_ROTATION_std,0.014489203,0.014489203,0.5343023,True,low,1
RIPPLE_AIR_BAG_PRESSURE_seg3_std,0.014289907,0.014289907,0.5485922,True,low,1
RIPPLE_AIR_BAG_PRESSURE_q90,0.013468685,0.013468685,0.5620609,True,low,1
SLURRY_FLOW_LINE_C_seg1_std,0.0131594,0.0131594,0.5752203,True,low,1
SLURRY_FLOW_LINE_C_seg1_mean,0.012945814,0.012945814,0.5881661,True,low,1
PRESSURIZED_CHAMBER_PRESSURE_seg1_mean,0.012300026,0.012300026,0.60046613,True,low,1
PRESSURIZED_CHAMBER_PRESSURE_median,0.012074074,0.012074074,0.6125402,True,low,1
WAFER_ROTATION_seg1_std,0.0110791335,0.0110791335,0.6236193,True,low,1
USAGE_OF_BACKING_FILM_median,0.00988878,0.00988878,0.6335081,True,low,1
SLURRY_FLOW_LINE_C_q75,0.009149986,0.009149986,0.64265805,True,low,1
STAGE_ROTATION_seg1_mean,0.00890931,0.00890931,0.65156734,True,low,1
EDGE_AIR_BAG_PRESSURE_seg1_mean,0.008842202,0.008842202,0.66040957,True,low,1
SLURRY_FLOW_LINE_C_seg2_mean,0.00869189,0.00869189,0.6691015,True,low,1
SLURRY_FLOW_LINE_A_seg1_mean,0.008622725,0.008622725,0.6777242,True,low,1
WAFER_ROTATION_q75,0.008565178,0.008565178,0.68628937,True,low,1
WAFER_ROTATION_lag1_autocorr,0.008000143,0.008000143,0.6942895,True,low,1
SLURRY_FLOW_LINE_A_iqr,0.0078116143,0.0078116143,0.7021011,True,low,1
PRESSURIZED_CHAMBER_PRESSURE_q10,0.0077547096,0.0077547096,0.7098558,True,low,1
WAFER_ROTATION_seg2_std,0.0074789543,0.0074789543,0.71733475,True,low,1
MAIN_OUTER_AIR_BAG_PRESSURE_std,0.0073957522,0.0073957522,0.7247305,True,low,1
STAGE_ROTATION_seg1_std,0.007266416,0.007266416,0.7319969,True,low,1
SLURRY_FLOW_LINE_A_seg1_std,0.007188664,0.007188664,0.7391856,True,low,1
WAFER_ROTATION_slope,0.0070871846,0.0070871846,0.74627274,True,low,1
PRESSURIZED_CHAMBER_PRESSURE_std,0.0062542656,0.0062542656,0.752527,True,low,1
PRESSURIZED_CHAMBER_PRESSURE_q90,0.0062449835,0.0062449835,0.75877196,True,low,1
HEAD_ROTATION_q90,0.0059937597,0.0059937597,0.76476574,True,low,1
USAGE_OF_POLISHING_TABLE_median,0.005954814,0.005954814,0.77072054,True,low,1
SLURRY_FLOW_LINE_A_q75,0.0058923042,0.0058923042,0.7766128,True,low,1
CENTER_AIR_BAG_PRESSURE_spike_count,0.0057172664,0.0057172664,0.7823301,True,low,1
EDGE_AIR_BAG_PRESSURE_q90,0.0055549173,0.0055549173,0.787885,True,low,1
STAGE_ROTATION_q75,0.005490122,0.005490122,0.79337513,True,low,1
RETAINER_RING_PRESSURE_q90,0.0054257824,0.0054257824,0.79880095,True,low,1
WAFER_ROTATION_seg3_mean,0.005387991,0.005387991,0.8041889,True,low,1
SLURRY_FLOW_LINE_B_seg1_std,0.005366613,0.005366613,0.80955553,False,low,1
HEAD_ROTATION_std,0.005224135,0.005224135,0.81477964,False,low,1
EDGE_AIR_BAG_PRESSURE_seg3_std,0.005033992,0.005033992,0.8198136,False,low,1
STAGE_ROTATION_slope,0.004978842,0.004978842,0.82479244,False,low,1
SLURRY_FLOW_LINE_B_seg2_std,0.004809103,0.004809103,0.8296015,False,low,1
SLURRY_FLOW_LINE_C_seg1_median,0.004794469,0.004794469,0.834396,False,low,1
HEAD_ROTATION_seg1_mean,0.0047567077,0.0047567077,0.8391527,False,low,1
SLURRY_FLOW_LINE_A_q90,0.0046871915,0.0046871915,0.8438399,False,low,1
SLURRY_FLOW_LINE_A_low_flow_ratio,0.0046760724,0.0046760724,0.8485159,False,low,1
STAGE_ROTATION_lag1_autocorr,0.0045796046,0.0045796046,0.85309553,False,low,1
WAFER_ROTATION_seg3_std,0.004453942,0.004453942,0.8575495,False,low,1
SLURRY_FLOW_LINE_A_slope,0.0043886104,0.0043886104,0.8619381,False,low,1
RETAINER_RING_PRESSURE_std,0.004375538,0.004375538,0.86631364,False,low,1
STAGE_ROTATION_seg3_std,0.004368133,0.004368133,0.87068176,False,low,1
PRESSURIZED_CHAMBER_PRESSURE_upper_tail_ratio,0.004325075,0.004325075,0.87500685,False,low,1
SLURRY_FLOW_LINE_C_seg2_std,0.004169042,0.004169042,0.8791759,False,low,1
WAFER_ROTATION_seg1_mean,0.0040325336,0.0040325336,0.88320845,False,low,1
STAGE_ROTATION_std,0.0040188916,0.0040188916,0.88722736,False,low,1
SLURRY_FLOW_LINE_B_seg1_mean,0.00398021,0.00398021,0.8912076,False,low,1
STAGE_ROTATION_seg3_mean,0.0038904052,0.0038904052,0.895098,False,low,1
MAIN_OUTER_AIR_BAG_PRESSURE_upper_tail_ratio,0.0038267036,0.0038267036,0.89892465,False,low,1
EDGE_AIR_BAG_PRESSURE_spike_count,0.0038159778,0.0038159778,0.9027406,False,low,1
SLURRY_FLOW_LINE_C_std,0.0037877262,0.0037877262,0.90652835,False,low,1
PRESSURIZED_CHAMBER_PRESSURE_seg3_std,0.0037692045,0.0037692045,0.9102976,False,low,1
HEAD_ROTATION_seg2_std,0.003740761,0.003740761,0.91403836,False,low,1
HEAD_ROTATION_seg3_mean,0.003527109,0.003527109,0.91756546,False,low,1
DRESSING_WATER_STATUS_q25,0.0035055645,0.0035055645,0.92107105,False,low,1
MAIN_OUTER_AIR_BAG_PRESSURE_seg1_mean,0.003482836,0.003482836,0.9245539,False,low,1
RETAINER_RING_PRESSURE_upper_tail_ratio,0.0034567486,0.0034567486,0.92801064,False,low,1
SLURRY_FLOW_LINE_B_slope,0.0033622459,0.0033622459,0.9313729,False,low,1
CENTER_AIR_BAG_PRESSURE_seg1_std,0.0033480946,0.0033480946,0.934721,False,low,1
RETAINER_RING_PRESSURE_q75,0.0032761667,0.0032761667,0.93799716,False,low,1
SLURRY_FLOW_LINE_C_iqr,0.0032445714,0.0032445714,0.94124174,False,low,1
RETAINER_RING_PRESSURE_seg3_std,0.0031930269,0.0031930269,0.94443476,False,low,1
HEAD_ROTATION_slope,0.0031327773,0.0031327773,0.9475675,False,low,1
HEAD_ROTATION_seg2_mean,0.003085742,0.003085742,0.95065325,False,low,1
MAIN_OUTER_AIR_BAG_PRESSURE_spike_count,0.002971063,0.002971063,0.9536243,False,low,1
EDGE_AIR_BAG_PRESSURE_upper_tail_ratio,0.0029620086,0.0029620086,0.9565863,False,low,1
RIPPLE_AIR_BAG_PRESSURE_upper_tail_ratio,0.0028913552,0.0028913552,0.95947766,False,low,1
SLURRY_FLOW_LINE_C_stability,0.0028559887,0.0028559887,0.9623337,False,low,1
HEAD_ROTATION_seg1_std,0.0025221014,0.0025221014,0.9648558,False,low,1
DRESSING_WATER_STATUS_q75,0.002506453,0.002506453,0.9673622,False,low,1
SLURRY_FLOW_LINE_B_std,0.002433696,0.002433696,0.96979594,False,low,1
EDGE_AIR_BAG_PRESSURE_seg1_std,0.0024092714,0.0024092714,0.9722052,False,low,1
MAIN_OUTER_AIR_BAG_PRESSURE_seg3_std,0.0023963675,0.0023963675,0.97460157,False,low,1
SLURRY_FLOW_LINE_B_stability,0.0023912564,0.0023912564,0.97699285,False,low,1
MAIN_OUTER_AIR_BAG_PRESSURE_q10,0.0023563905,0.0023563905,0.97934926,False,low,1
STAGE_ROTATION_seg2_std,0.0023417328,0.0023417328,0.981691,False,low,1
PRESSURIZED_CHAMBER_PRESSURE_spike_count,0.0023194784,0.0023194784,0.98401046,False,low,1
HEAD_ROTATION_median,0.002300064,0.002300064,0.98631054,False,low,1
RETAINER_RING_PRESSURE_spike_count,0.0022469608,0.0022469608,0.9885575,False,low,1
RETAINER_RING_PRESSURE_q10,0.0022303571,0.0022303571,0.99078786,False,low,1
USAGE_OF_DRESSER_TABLE_delta,0.0021660638,0.0021660638,0.99295396,False,low,1
RIPPLE_AIR_BAG_PRESSURE_spike_count,0.002088561,0.002088561,0.9950425,False,low,1
RETAINER_RING_PRESSURE_seg1_mean,0.001957067,0.001957067,0.99699956,False,low,1
USAGE_OF_DRESSER_delta,0.001891048,0.001891048,0.99889064,False,low,1
DRESSING_WATER_STATUS_median,0.00059146015,0.00059146015,0.9994821,False,low,1
MACHINE_DATA_median,0.00027013986,0.00027013986,0.9997522,False,low,1
SOURCE_FILE_NUNIQUE,0.00015934574,0.00015934574,0.99991155,False,low,1
DURATION_SEC,8.833968e-05,8.833968e-05,0.9999999,False,low,1
STAGE_ROTATION_missing_ratio,0.0,0.0,0.9999999,False,low,1
EDGE_AIR_BAG_PRESSURE_missing_ratio,0.0,0.0,0.9999999,False,low,1
CHAMBER_zero_ratio,0.0,0.0,0.9999999,False,low,1
CHAMBER_missing_ratio,0.0,0.0,0.9999999,False,low,1
CHAMBER_valid_ratio,0.0,0.0,0.9999999,False,low,1
MACHINE_DATA_zero_ratio,0.0,0.0,0.9999999,False,low,1
MACHINE_DATA_missing_ratio,0.0,0.0,0.9999999,False,low,1
MACHINE_ID_median,0.0,0.0,0.9999999,False,low,1
MACHINE_ID_q25,0.0,0.0,0.9999999,False,low,1
MACHINE_DATA_valid_ratio,0.0,0.0,0.9999999,False,low,1
MACHINE_ID_q75,0.0,0.0,0.9999999,False,low,1
HEAD_ROTATION_q25,0.0,0.0,0.9999999,False,low,1
MACHINE_ID_missing_ratio,0.0,0.0,0.9999999,False,low,1
EDGE_AIR_BAG_PRESSURE_valid_ratio,0.0,0.0,0.9999999,False,low,1
HEAD_ROTATION_q75,0.0,0.0,0.9999999,False,low,1
HEAD_ROTATION_valid_ratio,0.0,0.0,0.9999999,False,low,1
HEAD_ROTATION_missing_ratio,0.0,0.0,0.9999999,False,low,1
MACHINE_ID_zero_ratio,0.0,0.0,0.9999999,False,low,1
MACHINE_ID_std,0.0,0.0,0.9999999,False,low,1
MACHINE_ID_valid_ratio,0.0,0.0,0.9999999,False,low,1
DRESSING_WATER_STATUS_missing_ratio,0.0,0.0,0.9999999,False,low,1
DRESSING_WATER_STATUS_valid_ratio,0.0,0.0,0.9999999,False,low,1
STAGE_ROTATION_q10,0.0,0.0,0.9999999,False,low,1
RIPPLE_AIR_BAG_PRESSURE_valid_ratio,0.0,0.0,0.9999999,False,low,1
STAGE_ROTATION_valid_ratio,0.0,0.0,0.9999999,False,low,1
USAGE_OF_BACKING_FILM_valid_ratio,0.0,0.0,0.9999999,False,low,1
SLURRY_FLOW_LINE_C_valid_ratio,0.0,0.0,0.9999999,False,low,1
CENTER_AIR_BAG_PRESSURE_valid_ratio,0.0,0.0,0.9999999,False,low,1
CENTER_AIR_BAG_PRESSURE_missing_ratio,0.0,0.0,0.9999999,False,low,1
SLURRY_FLOW_LINE_B_missing_ratio,0.0,0.0,0.9999999,False,low,1
SLURRY_FLOW_LINE_B_valid_ratio,0.0,0.0,0.9999999,False,low,1
SLURRY_FLOW_LINE_A_seg1_median,0.0,0.0,0.9999999,False,low,1
RETAINER_RING_PRESSURE_valid_ratio,0.0,0.0,0.9999999,False,low,1
RETAINER_RING_PRESSURE_missing_ratio,0.0,0.0,0.9999999,False,low,1
SLURRY_FLOW_LINE_A_missing_ratio,0.0,0.0,0.9999999,False,low,1
SLURRY_FLOW_LINE_A_valid_ratio,0.0,0.0,0.9999999,False,low,1
SLURRY_FLOW_LINE_A_median,0.0,0.0,0.9999999,False,low,1
USAGE_OF_PRESSURIZED_SHEET_missing_ratio,0.0,0.0,0.9999999,False,low,1
USAGE_OF_PRESSURIZED_SHEET_valid_ratio,0.0,0.0,0.9999999,False,low,1
USAGE_OF_MEMBRANE_missing_ratio,0.0,0.0,0.9999999,False,low,1
USAGE_OF_MEMBRANE_valid_ratio,0.0,0.0,0.9999999,False,low,1
SLURRY_FLOW_LINE_C_missing_ratio,0.0,0.0,0.9999999,False,low,1
MAIN_OUTER_AIR_BAG_PRESSURE_missing_ratio,0.0,0.0,0.9999999,False,low,1
MAIN_OUTER_AIR_BAG_PRESSURE_valid_ratio,0.0,0.0,0.9999999,False,low,1
USAGE_OF_POLISHING_TABLE_missing_ratio,0.0,0.0,0.9999999,False,low,1
STAGE_ROTATION_q25,0.0,0.0,0.9999999,False,low,1
STAGE_ROTATION_median,0.0,0.0,0.9999999,False,low,1
USAGE_OF_BACKING_FILM_missing_ratio,0.0,0.0,0.9999999,False,low,1
USAGE_OF_DRESSER_valid_ratio,0.0,0.0,0.9999999,False,low,1
USAGE_OF_DRESSER_missing_ratio,0.0,0.0,0.9999999,False,low,1
USAGE_OF_POLISHING_TABLE_valid_ratio,0.0,0.0,0.9999999,False,low,1
USAGE_OF_DRESSER_TABLE_valid_ratio,0.0,0.0,0.9999999,False,low,1
PRESSURIZED_CHAMBER_PRESSURE_missing_ratio,0.0,0.0,0.9999999,False,low,1
RIPPLE_AIR_BAG_PRESSURE_missing_ratio,0.0,0.0,0.9999999,False,low,1
WAFER_ROTATION_missing_ratio,0.0,0.0,0.9999999,False,low,1
WAFER_ROTATION_valid_ratio,0.0,0.0,0.9999999,False,low,1
PRESSURIZED_CHAMBER_PRESSURE_valid_ratio,0.0,0.0,0.9999999,False,low,1
WAFER_ROTATION_q25,0.0,0.0,0.9999999,False,low,1
WAFER_ROTATION_median,0.0,0.0,0.9999999,False,low,1
USAGE_OF_DRESSER_TABLE_missing_ratio,0.0,0.0,0.9999999,False,low,1
CENTER_AIR_BAG_PRESSURE_q75,0.115449615,0.115449615,0.115449615,True,low,2
CENTER_AIR_BAG_PRESSURE_q90,0.10947855,0.10947855,0.22492817,True,low,2
USAGE_OF_DRESSER_median,0.1031382,0.1031382,0.32806638,True,low,2
USAGE_OF_DRESSER_TABLE_median,0.050615475,0.050615475,0.37868184,True,low,2
WAFER_ROTATION_seg2_std,0.04205257,0.04205257,0.4207344,True,low,2
RIPPLE_AIR_BAG_PRESSURE_q90,0.041092005,0.041092005,0.4618264,True,low,2
PRESSURIZED_CHAMBER_PRESSURE_q75,0.03654779,0.03654779,0.4983742,True,low,2
RIPPLE_AIR_BAG_PRESSURE_q75,0.027017657,0.027017657,0.5253919,True,low,2
SLURRY_FLOW_LINE_C_q90,0.0199999,0.0199999,0.5453918,True,low,2
WAFER_ROTATION_seg2_mean,0.017470222,0.017470222,0.56286204,True,low,2
EDGE_AIR_BAG_PRESSURE_q75,0.017035764,0.017035764,0.5798978,True,low,2
STAGE_ROTATION_seg1_std,0.01583059,0.01583059,0.5957284,True,low,2
USAGE_OF_BACKING_FILM_median,0.015768263,0.015768263,0.6114967,True,low,2
WAFER_ROTATION_slope,0.01339318,0.01339318,0.62488985,True,low,2
SLURRY_FLOW_LINE_C_seg1_std,0.012630354,0.012630354,0.6375202,True,low,2
PRESSURIZED_CHAMBER_PRESSURE_seg1_mean,0.012064157,0.012064157,0.64958435,True,low,2
MAIN_OUTER_AIR_BAG_PRESSURE_q90,0.010571449,0.010571449,0.6601558,True,low,2
SLURRY_FLOW_LINE_C_q25,0.010340074,0.010340074,0.67049587,True,low,2
MAIN_OUTER_AIR_BAG_PRESSURE_q75,0.009919554,0.009919554,0.6804154,True,low,2
EDGE_AIR_BAG_PRESSURE_seg1_mean,0.009018514,0.009018514,0.68943393,True,low,2
WAFER_ROTATION_seg1_mean,0.009014978,0.009014978,0.6984489,True,low,2
CENTER_AIR_BAG_PRESSURE_spike_count,0.008826776,0.008826776,0.7072757,True,low,2
STAGE_ROTATION_median,0.008338672,0.008338672,0.7156144,True,low,2
PRESSURIZED_CHAMBER_PRESSURE_q90,0.008251615,0.008251615,0.723866,True,low,2
SLURRY_FLOW_LINE_C_seg1_mean,0.007066168,0.007066168,0.7309322,True,low,2
SLURRY_FLOW_LINE_C_seg2_std,0.00649705,0.00649705,0.7374292,True,low,2
PRESSURIZED_CHAMBER_PRESSURE_seg3_std,0.0064472547,0.0064472547,0.74387646,True,low,2
EDGE_AIR_BAG_PRESSURE_spike_count,0.0064367866,0.0064367866,0.7503132,True,low,2
SLURRY_FLOW_LINE_C_iqr,0.0064348667,0.0064348667,0.7567481,True,low,2
STAGE_ROTATION_q75,0.006297746,0.006297746,0.76304585,True,low,2
SLURRY_FLOW_LINE_A_seg1_mean,0.0061404235,0.0061404235,0.76918626,True,low,2
STAGE_ROTATION_seg1_mean,0.006074014,0.006074014,0.77526027,True,low,2
USAGE_OF_POLISHING_TABLE_median,0.0057668393,0.0057668393,0.78102714,True,low,2
WAFER_ROTATION_seg1_std,0.005751684,0.005751684,0.7867788,True,low,2
WAFER_ROTATION_seg3_std,0.0057507507,0.0057507507,0.7925296,True,low,2
WAFER_ROTATION_q75,0.005384403,0.005384403,0.79791397,True,low,2
SLURRY_FLOW_LINE_C_q75,0.0051475023,0.0051475023,0.8030615,True,low,2
HEAD_ROTATION_seg3_mean,0.004781905,0.004781905,0.8078434,False,low,2
SLURRY_FLOW_LINE_C_stability,0.0046639508,0.0046639508,0.81250733,False,low,2
SLURRY_FLOW_LINE_C_seg2_mean,0.0045824377,0.0045824377,0.8170898,False,low,2
SLURRY_FLOW_LINE_B_slope,0.0044553317,0.0044553317,0.8215451,False,low,2
HEAD_ROTATION_q90,0.0043952363,0.0043952363,0.8259404,False,low,2
WAFER_ROTATION_std,0.004367907,0.004367907,0.83030826,False,low,2
MAIN_OUTER_AIR_BAG_PRESSURE_seg1_mean,0.004339706,0.004339706,0.83464795,False,low,2
WAFER_ROTATION_seg3_mean,0.0043199454,0.0043199454,0.8389679,False,low,2
RETAINER_RING_PRESSURE_seg1_mean,0.0042915624,0.0042915624,0.84325945,False,low,2
SLURRY_FLOW_LINE_C_seg1_median,0.0042855507,0.0042855507,0.847545,False,low,2
HEAD_ROTATION_std,0.004201069,0.004201069,0.8517461,False,low,2
STAGE_ROTATION_std,0.003976717,0.003976717,0.8557228,False,low,2
SLURRY_FLOW_LINE_A_slope,0.0039531565,0.0039531565,0.85967594,False,low,2
SLURRY_FLOW_LINE_B_seg1_mean,0.0038567015,0.0038567015,0.86353266,False,low,2
HEAD_ROTATION_seg1_std,0.0037463636,0.0037463636,0.86727905,False,low,2
SLURRY_FLOW_LINE_A_seg1_std,0.003727254,0.003727254,0.8710063,False,low,2
RETAINER_RING_PRESSURE_upper_tail_ratio,0.003584515,0.003584515,0.8745908,False,low,2
MAIN_OUTER_AIR_BAG_PRESSURE_seg3_std,0.003560845,0.003560845,0.87815166,False,low,2
HEAD_ROTATION_seg1_mean,0.0035369275,0.0035369275,0.8816886,False,low,2
SLURRY_FLOW_LINE_B_seg1_std,0.0035342516,0.0035342516,0.88522285,False,low,2
STAGE_ROTATION_slope,0.0034689375,0.0034689375,0.8886918,False,low,2
STAGE_ROTATION_lag1_autocorr,0.0033873515,0.0033873515,0.8920791,False,low,2
EDGE_AIR_BAG_PRESSURE_seg3_std,0.0033574775,0.0033574775,0.8954366,False,low,2
SLURRY_FLOW_LINE_A_q90,0.003329518,0.003329518,0.8987661,False,low,2
RIPPLE_AIR_BAG_PRESSURE_seg3_std,0.003317133,0.003317133,0.9020832,False,low,2
MAIN_OUTER_AIR_BAG_PRESSURE_std,0.003303431,0.003303431,0.9053866,False,low,2
RETAINER_RING_PRESSURE_seg3_std,0.0032651578,0.0032651578,0.90865177,False,low,2
RETAINER_RING_PRESSURE_q90,0.0032162615,0.0032162615,0.91186804,False,low,2
PRESSURIZED_CHAMBER_PRESSURE_upper_tail_ratio,0.003174882,0.003174882,0.91504294,False,low,2
MAIN_OUTER_AIR_BAG_PRESSURE_upper_tail_ratio,0.0030549222,0.0030549222,0.91809785,False,low,2
WAFER_ROTATION_lag1_autocorr,0.0029855587,0.0029855587,0.9210834,False,low,2
SLURRY_FLOW_LINE_A_iqr,0.0029089493,0.0029089493,0.92399234,False,low,2
EDGE_AIR_BAG_PRESSURE_q90,0.0028733495,0.0028733495,0.9268657,False,low,2
RETAINER_RING_PRESSURE_spike_count,0.0028383974,0.0028383974,0.92970407,False,low,2
STAGE_ROTATION_seg3_mean,0.0027712474,0.0027712474,0.9324753,False,low,2
HEAD_ROTATION_slope,0.0027413084,0.0027413084,0.93521667,False,low,2
PRESSURIZED_CHAMBER_PRESSURE_std,0.0027092358,0.0027092358,0.9379259,False,low,2
SLURRY_FLOW_LINE_B_std,0.0026271346,0.0026271346,0.940553,False,low,2
RETAINER_RING_PRESSURE_q75,0.0026104283,0.0026104283,0.94316345,False,low,2
SLURRY_FLOW_LINE_B_seg2_std,0.0025873636,0.0025873636,0.94575083,False,low,2
HEAD_ROTATION_seg2_std,0.0025302777,0.0025302777,0.9482811,False,low,2
STAGE_ROTATION_seg3_std,0.0025171998,0.0025171998,0.95079833,False,low,2
RIPPLE_AIR_BAG_PRESSURE_spike_count,0.002507378,0.002507378,0.9533057,False,low,2
EDGE_AIR_BAG_PRESSURE_upper_tail_ratio,0.002483354,0.002483354,0.9557891,False,low,2
RIPPLE_AIR_BAG_PRESSURE_upper_tail_ratio,0.0024293808,0.0024293808,0.95821846,False,low,2
SLURRY_FLOW_LINE_A_low_flow_ratio,0.0024230413,0.0024230413,0.9606415,False,low,2
RETAINER_RING_PRESSURE_std,0.0023667284,0.0023667284,0.9630082,False,low,2
MAIN_OUTER_AIR_BAG_PRESSURE_spike_count,0.0023140807,0.0023140807,0.9653223,False,low,2
STAGE_ROTATION_seg2_std,0.002288586,0.002288586,0.9676109,False,low,2
SLURRY_FLOW_LINE_B_stability,0.0022354587,0.0022354587,0.96984637,False,low,2
HEAD_ROTATION_seg2_mean,0.002194231,0.002194231,0.9720406,False,low,2
PRESSURIZED_CHAMBER_PRESSURE_spike_count,0.0021014174,0.0021014174,0.974142,False,low,2
CENTER_AIR_BAG_PRESSURE_seg1_std,0.002083643,0.002083643,0.9762257,False,low,2
HEAD_ROTATION_median,0.0020280015,0.0020280015,0.97825366,False,low,2
DRESSING_WATER_STATUS_q25,0.0018486346,0.0018486346,0.9801023,False,low,2
WAFER_ROTATION_median,0.0017944841,0.0017944841,0.98189676,False,low,2
MAIN_OUTER_AIR_BAG_PRESSURE_q10,0.0017556174,0.0017556174,0.98365235,False,low,2
SLURRY_FLOW_LINE_C_std,0.0016965393,0.0016965393,0.9853489,False,low,2
DRESSING_WATER_STATUS_q75,0.0016492619,0.0016492619,0.98699814,False,low,2
EDGE_AIR_BAG_PRESSURE_seg1_std,0.0015195201,0.0015195201,0.98851764,False,low,2
USAGE_OF_DRESSER_delta,0.0014890601,0.0014890601,0.9900067,False,low,2
RETAINER_RING_PRESSURE_q10,0.0014001362,0.0014001362,0.9914068,False,low,2
SLURRY_FLOW_LINE_A_q75,0.0013671636,0.0013671636,0.99277395,False,low,2
DRESSING_WATER_STATUS_median,0.0013517243,0.0013517243,0.99412566,False,low,2
DURATION_SEC,0.0012712976,0.0012712976,0.995397,False,low,2
PRESSURIZED_CHAMBER_PRESSURE_median,0.0011536492,0.0011536492,0.9965506,False,low,2
PRESSURIZED_CHAMBER_PRESSURE_q10,0.0011268064,0.0011268064,0.99767745,False,low,2
SOURCE_FILE_NUNIQUE,0.0010518314,0.0010518314,0.9987293,False,low,2
USAGE_OF_DRESSER_TABLE_delta,0.00082544365,0.00082544365,0.99955475,False,low,2
MACHINE_DATA_median,0.00044523232,0.00044523232,1.0,False,low,2
MACHINE_ID_std,0.0,0.0,1.0,False,low,2
MACHINE_ID_q75,0.0,0.0,1.0,False,low,2
CHAMBER_missing_ratio,0.0,0.0,1.0,False,low,2
CHAMBER_valid_ratio,0.0,0.0,1.0,False,low,2
MACHINE_DATA_zero_ratio,0.0,0.0,1.0,False,low,2
MACHINE_DATA_missing_ratio,0.0,0.0,1.0,False,low,2
MACHINE_DATA_valid_ratio,0.0,0.0,1.0,False,low,2
MACHINE_ID_median,0.0,0.0,1.0,False,low,2
MACHINE_ID_q25,0.0,0.0,1.0,False,low,2
EDGE_AIR_BAG_PRESSURE_missing_ratio,0.0,0.0,1.0,False,low,2
EDGE_AIR_BAG_PRESSURE_valid_ratio,0.0,0.0,1.0,False,low,2
HEAD_ROTATION_q25,0.0,0.0,1.0,False,low,2
MACHINE_ID_missing_ratio,0.0,0.0,1.0,False,low,2
HEAD_ROTATION_q75,0.0,0.0,1.0,False,low,2
HEAD_ROTATION_valid_ratio,0.0,0.0,1.0,False,low,2
DRESSING_WATER_STATUS_missing_ratio,0.0,0.0,1.0,False,low,2
HEAD_ROTATION_missing_ratio,0.0,0.0,1.0,False,low,2
DRESSING_WATER_STATUS_valid_ratio,0.0,0.0,1.0,False,low,2
MACHINE_ID_zero_ratio,0.0,0.0,1.0,False,low,2
MACHINE_ID_valid_ratio,0.0,0.0,1.0,False,low,2
STAGE_ROTATION_missing_ratio,0.0,0.0,1.0,False,low,2
STAGE_ROTATION_q10,0.0,0.0,1.0,False,low,2
RIPPLE_AIR_BAG_PRESSURE_missing_ratio,0.0,0.0,1.0,False,low,2
STAGE_ROTATION_valid_ratio,0.0,0.0,1.0,False,low,2
CHAMBER_zero_ratio,0.0,0.0,1.0,False,low,2
SLURRY_FLOW_LINE_C_valid_ratio,0.0,0.0,1.0,False,low,2
CENTER_AIR_BAG_PRESSURE_valid_ratio,0.0,0.0,1.0,False,low,2
CENTER_AIR_BAG_PRESSURE_missing_ratio,0.0,0.0,1.0,False,low,2
SLURRY_FLOW_LINE_B_missing_ratio,0.0,0.0,1.0,False,low,2
SLURRY_FLOW_LINE_B_valid_ratio,0.0,0.0,1.0,False,low,2
SLURRY_FLOW_LINE_A_seg1_median,0.0,0.0,1.0,False,low,2
RETAINER_RING_PRESSURE_valid_ratio,0.0,0.0,1.0,False,low,2
RETAINER_RING_PRESSURE_missing_ratio,0.0,0.0,1.0,False,low,2
SLURRY_FLOW_LINE_A_missing_ratio,0.0,0.0,1.0,False,low,2
SLURRY_FLOW_LINE_A_valid_ratio,0.0,0.0,1.0,False,low,2
SLURRY_FLOW_LINE_A_median,0.0,0.0,1.0,False,low,2
USAGE_OF_PRESSURIZED_SHEET_missing_ratio,0.0,0.0,1.0,False,low,2
USAGE_OF_PRESSURIZED_SHEET_valid_ratio,0.0,0.0,1.0,False,low,2
USAGE_OF_MEMBRANE_missing_ratio,0.0,0.0,1.0,False,low,2
USAGE_OF_MEMBRANE_valid_ratio,0.0,0.0,1.0,False,low,2
SLURRY_FLOW_LINE_C_missing_ratio,0.0,0.0,1.0,False,low,2
SLURRY_FLOW_LINE_C_q10,0.0,0.0,1.0,False,low,2
MAIN_OUTER_AIR_BAG_PRESSURE_missing_ratio,0.0,0.0,1.0,False,low,2
USAGE_OF_POLISHING_TABLE_missing_ratio,0.0,0.0,1.0,False,low,2
STAGE_ROTATION_q25,0.0,0.0,1.0,False,low,2
USAGE_OF_BACKING_FILM_valid_ratio,0.0,0.0,1.0,False,low,2
USAGE_OF_BACKING_FILM_missing_ratio,0.0,0.0,1.0,False,low,2
USAGE_OF_DRESSER_valid_ratio,0.0,0.0,1.0,False,low,2
USAGE_OF_DRESSER_missing_ratio,0.0,0.0,1.0,False,low,2
USAGE_OF_POLISHING_TABLE_valid_ratio,0.0,0.0,1.0,False,low,2
USAGE_OF_DRESSER_TABLE_valid_ratio,0.0,0.0,1.0,False,low,2
MAIN_OUTER_AIR_BAG_PRESSURE_valid_ratio,0.0,0.0,1.0,False,low,2
RIPPLE_AIR_BAG_PRESSURE_valid_ratio,0.0,0.0,1.0,False,low,2
WAFER_ROTATION_missing_ratio,0.0,0.0,1.0,False,low,2
WAFER_ROTATION_valid_ratio,0.0,0.0,1.0,False,low,2
WAFER_ROTATION_q25,0.0,0.0,1.0,False,low,2
PRESSURIZED_CHAMBER_PRESSURE_valid_ratio,0.0,0.0,1.0,False,low,2
PRESSURIZED_CHAMBER_PRESSURE_missing_ratio,0.0,0.0,1.0,False,low,2
USAGE_OF_DRESSER_TABLE_missing_ratio,0.0,0.0,1.0,False,low,2
USAGE_OF_DRESSER_TABLE_median,0.14050686,0.14050686,0.14050686,True,low,3
CENTER_AIR_BAG_PRESSURE_q75,0.109957464,0.109957464,0.25046432,True,low,3
CENTER_AIR_BAG_PRESSURE_q90,0.09580081,0.09580081,0.34626514,True,low,3
RIPPLE_AIR_BAG_PRESSURE_q90,0.030792244,0.030792244,0.37705737,True,low,3
WAFER_ROTATION_seg1_mean,0.030392475,0.030392475,0.40744984,True,low,3
USAGE_OF_DRESSER_median,0.028780596,0.028780596,0.43623045,True,low,3
USAGE_OF_BACKING_FILM_median,0.023731535,0.023731535,0.45996198,True,low,3
MAIN_OUTER_AIR_BAG_PRESSURE_q90,0.021765232,0.021765232,0.4817272,True,low,3
RIPPLE_AIR_BAG_PRESSURE_q75,0.020428749,0.020428749,0.50215596,True,low,3
SLURRY_FLOW_LINE_C_q90,0.020266164,0.020266164,0.52242213,True,low,3
SLURRY_FLOW_LINE_C_q25,0.019881245,0.019881245,0.5423034,True,low,3
PRESSURIZED_CHAMBER_PRESSURE_q90,0.019719994,0.019719994,0.5620234,True,low,3
WAFER_ROTATION_seg2_std,0.018066488,0.018066488,0.58008987,True,low,3
SLURRY_FLOW_LINE_C_seg1_std,0.015089898,0.015089898,0.59517974,True,low,3
SLURRY_FLOW_LINE_C_q10,0.015046727,0.015046727,0.61022645,True,low,3
PRESSURIZED_CHAMBER_PRESSURE_seg1_mean,0.013971906,0.013971906,0.6241984,True,low,3
SLURRY_FLOW_LINE_A_seg1_std,0.012837343,0.012837343,0.6370357,True,low,3
WAFER_ROTATION_slope,0.011071383,0.011071383,0.6481071,True,low,3
MAIN_OUTER_AIR_BAG_PRESSURE_q75,0.0110492585,0.0110492585,0.6591564,True,low,3
STAGE_ROTATION_seg1_mean,0.010551124,0.010551124,0.6697075,True,low,3
SLURRY_FLOW_LINE_A_seg1_mean,0.01045754,0.01045754,0.680165,True,low,3
EDGE_AIR_BAG_PRESSURE_q90,0.010288795,0.010288795,0.69045377,True,low,3
WAFER_ROTATION_seg2_mean,0.009470352,0.009470352,0.6999241,True,low,3
SLURRY_FLOW_LINE_C_seg1_median,0.009469557,0.009469557,0.7093937,True,low,3
PRESSURIZED_CHAMBER_PRESSURE_q75,0.009268076,0.009268076,0.7186618,True,low,3
WAFER_ROTATION_seg3_std,0.008718604,0.008718604,0.7273804,True,low,3
EDGE_AIR_BAG_PRESSURE_q75,0.008617194,0.008617194,0.7359976,True,low,3
MAIN_OUTER_AIR_BAG_PRESSURE_seg1_mean,0.008467921,0.008467921,0.74446553,True,low,3
STAGE_ROTATION_seg1_std,0.007854962,0.007854962,0.75232047,True,low,3
EDGE_AIR_BAG_PRESSURE_seg1_mean,0.006886443,0.006886443,0.7592069,True,low,3
PRESSURIZED_CHAMBER_PRESSURE_upper_tail_ratio,0.0066547133,0.0066547133,0.76586163,True,low,3
USAGE_OF_POLISHING_TABLE_median,0.0062147044,0.0062147044,0.7720763,True,low,3
SLURRY_FLOW_LINE_C_q75,0.0057946974,0.0057946974,0.777871,True,low,3
SLURRY_FLOW_LINE_C_seg2_mean,0.0057768137,0.0057768137,0.78364784,True,low,3
SLURRY_FLOW_LINE_B_seg1_std,0.005472791,0.005472791,0.7891206,True,low,3
SLURRY_FLOW_LINE_B_seg1_mean,0.005372975,0.005372975,0.7944936,True,low,3
STAGE_ROTATION_q75,0.005363483,0.005363483,0.7998571,True,low,3
PRESSURIZED_CHAMBER_PRESSURE_median,0.0051677143,0.0051677143,0.8050248,True,low,3
SLURRY_FLOW_LINE_C_iqr,0.00498575,0.00498575,0.81001055,False,low,3
MAIN_OUTER_AIR_BAG_PRESSURE_spike_count,0.0047787377,0.0047787377,0.8147893,False,low,3
SLURRY_FLOW_LINE_C_stability,0.0047120457,0.0047120457,0.81950134,False,low,3
WAFER_ROTATION_lag1_autocorr,0.0045455485,0.0045455485,0.8240469,False,low,3
MAIN_OUTER_AIR_BAG_PRESSURE_std,0.004513589,0.004513589,0.8285605,False,low,3
RIPPLE_AIR_BAG_PRESSURE_seg3_std,0.004353878,0.004353878,0.83291435,False,low,3
HEAD_ROTATION_std,0.0043290663,0.0043290663,0.83724344,False,low,3
RETAINER_RING_PRESSURE_seg1_mean,0.0042023542,0.0042023542,0.8414458,False,low,3
RETAINER_RING_PRESSURE_q90,0.004187515,0.004187515,0.8456333,False,low,3
EDGE_AIR_BAG_PRESSURE_spike_count,0.004078149,0.004078149,0.8497115,False,low,3
HEAD_ROTATION_seg3_mean,0.0040446874,0.0040446874,0.8537562,False,low,3
RIPPLE_AIR_BAG_PRESSURE_upper_tail_ratio,0.0040005837,0.0040005837,0.8577568,False,low,3
WAFER_ROTATION_std,0.0039886613,0.0039886613,0.8617455,False,low,3
HEAD_ROTATION_seg2_mean,0.003970236,0.003970236,0.86571574,False,low,3
SLURRY_FLOW_LINE_C_seg1_mean,0.00394598,0.00394598,0.86966175,False,low,3
HEAD_ROTATION_seg1_mean,0.0039062733,0.0039062733,0.873568,False,low,3
PRESSURIZED_CHAMBER_PRESSURE_spike_count,0.003871837,0.003871837,0.87743986,False,low,3
SLURRY_FLOW_LINE_B_slope,0.0038616806,0.0038616806,0.8813015,False,low,3
SLURRY_FLOW_LINE_C_std,0.0037131072,0.0037131072,0.88501465,False,low,3
HEAD_ROTATION_seg1_std,0.0036769398,0.0036769398,0.8886916,False,low,3
WAFER_ROTATION_seg1_std,0.0036068512,0.0036068512,0.89229846,False,low,3
STAGE_ROTATION_std,0.0035205844,0.0035205844,0.89581907,False,low,3
STAGE_ROTATION_slope,0.003415649,0.003415649,0.8992347,False,low,3
RETAINER_RING_PRESSURE_seg3_std,0.0034115498,0.0034115498,0.90264624,False,low,3
PRESSURIZED_CHAMBER_PRESSURE_seg3_std,0.003376468,0.003376468,0.9060227,False,low,3
SLURRY_FLOW_LINE_A_q90,0.0033349353,0.0033349353,0.90935767,False,low,3
DURATION_SEC,0.0033288575,0.0033288575,0.9126865,False,low,3
SLURRY_FLOW_LINE_A_slope,0.003292573,0.003292573,0.9159791,False,low,3
RETAINER_RING_PRESSURE_upper_tail_ratio,0.0032203996,0.0032203996,0.91919947,False,low,3
RETAINER_RING_PRESSURE_q10,0.003214217,0.003214217,0.9224137,False,low,3
EDGE_AIR_BAG_PRESSURE_seg3_std,0.0031919128,0.0031919128,0.9256056,False,low,3
STAGE_ROTATION_seg3_std,0.003151713,0.003151713,0.9287573,False,low,3
HEAD_ROTATION_seg2_std,0.0031363207,0.0031363207,0.93189365,False,low,3
RETAINER_RING_PRESSURE_std,0.0031221784,0.0031221784,0.9350158,False,low,3
SLURRY_FLOW_LINE_C_seg2_std,0.0030212493,0.0030212493,0.93803704,False,low,3
PRESSURIZED_CHAMBER_PRESSURE_std,0.0030019195,0.0030019195,0.94103897,False,low,3
SLURRY_FLOW_LINE_B_std,0.002990701,0.002990701,0.9440297,False,low,3
SLURRY_FLOW_LINE_B_stability,0.002958188,0.002958188,0.94698787,False,low,3
HEAD_ROTATION_slope,0.0028705485,0.0028705485,0.9498584,False,low,3
STAGE_ROTATION_seg3_mean,0.0028418924,0.0028418924,0.9527003,False,low,3
MAIN_OUTER_AIR_BAG_PRESSURE_seg3_std,0.0028071005,0.0028071005,0.9555074,False,low,3
HEAD_ROTATION_median,0.0027781758,0.0027781758,0.95828557,False,low,3
EDGE_AIR_BAG_PRESSURE_upper_tail_ratio,0.0026141831,0.0026141831,0.9608998,False,low,3
STAGE_ROTATION_seg2_std,0.002572395,0.002572395,0.9634722,False,low,3
STAGE_ROTATION_lag1_autocorr,0.0025173828,0.0025173828,0.9659896,False,low,3
SLURRY_FLOW_LINE_B_seg2_std,0.0024643275,0.0024643275,0.96845394,False,low,3
RIPPLE_AIR_BAG_PRESSURE_spike_count,0.0024544327,0.0024544327,0.9709084,False,low,3
WAFER_ROTATION_seg3_mean,0.0023847902,0.0023847902,0.9732932,False,low,3
CENTER_AIR_BAG_PRESSURE_seg1_std,0.0023847688,0.0023847688,0.97567797,False,low,3
SLURRY_FLOW_LINE_A_q75,0.0023353633,0.0023353633,0.97801334,False,low,3
RETAINER_RING_PRESSURE_q75,0.0022727563,0.0022727563,0.9802861,False,low,3
CENTER_AIR_BAG_PRESSURE_spike_count,0.0021501905,0.0021501905,0.9824363,False,low,3
SLURRY_FLOW_LINE_A_low_flow_ratio,0.002134603,0.002134603,0.9845709,False,low,3
EDGE_AIR_BAG_PRESSURE_seg1_std,0.0019678413,0.0019678413,0.98653877,False,low,3
MAIN_OUTER_AIR_BAG_PRESSURE_q10,0.001757833,0.001757833,0.9882966,False,low,3
MAIN_OUTER_AIR_BAG_PRESSURE_upper_tail_ratio,0.0016913965,0.0016913965,0.989988,False,low,3
DRESSING_WATER_STATUS_median,0.0016593399,0.0016593399,0.99164736,False,low,3
RETAINER_RING_PRESSURE_spike_count,0.0015680742,0.0015680742,0.99321544,False,low,3
USAGE_OF_DRESSER_delta,0.0014373437,0.0014373437,0.9946528,False,low,3
SOURCE_FILE_NUNIQUE,0.0013921626,0.0013921626,0.996045,False,low,3
DRESSING_WATER_STATUS_q25,0.001352608,0.001352608,0.9973976,False,low,3
SLURRY_FLOW_LINE_A_iqr,0.0011300204,0.0011300204,0.99852765,False,low,3
WAFER_ROTATION_median,0.00073705945,0.00073705945,0.9992647,False,low,3
PRESSURIZED_CHAMBER_PRESSURE_q10,0.0004419326,0.0004419326,0.9997066,False,low,3
USAGE_OF_DRESSER_TABLE_delta,0.00018547024,0.00018547024,0.9998921,False,low,3
MACHINE_DATA_median,0.00010828384,0.00010828384,1.0000004,False,low,3
CHAMBER_missing_ratio,0.0,0.0,1.0000004,False,low,3
CHAMBER_zero_ratio,0.0,0.0,1.0000004,False,low,3
HEAD_ROTATION_q90,0.0,0.0,1.0000004,False,low,3
HEAD_ROTATION_missing_ratio,0.0,0.0,1.0000004,False,low,3
HEAD_ROTATION_valid_ratio,0.0,0.0,1.0000004,False,low,3
MACHINE_DATA_zero_ratio,0.0,0.0,1.0000004,False,low,3
HEAD_ROTATION_q75,0.0,0.0,1.0000004,False,low,3
HEAD_ROTATION_q25,0.0,0.0,1.0000004,False,low,3
USAGE_OF_BACKING_FILM_valid_ratio,0.0,0.0,1.0000004,False,low,3
USAGE_OF_BACKING_FILM_missing_ratio,0.0,0.0,1.0000004,False,low,3
USAGE_OF_DRESSER_valid_ratio,0.0,0.0,1.0000004,False,low,3
USAGE_OF_DRESSER_missing_ratio,0.0,0.0,1.0000004,False,low,3
CHAMBER_valid_ratio,0.0,0.0,1.0000004,False,low,3
MACHINE_DATA_valid_ratio,0.0,0.0,1.0000004,False,low,3
MACHINE_DATA_missing_ratio,0.0,0.0,1.0000004,False,low,3
USAGE_OF_POLISHING_TABLE_missing_ratio,0.0,0.0,1.0000004,False,low,3
MACHINE_ID_zero_ratio,0.0,0.0,1.0000004,False,low,3
DRESSING_WATER_STATUS_q75,0.0,0.0,1.0000004,False,low,3
DRESSING_WATER_STATUS_valid_ratio,0.0,0.0,1.0000004,False,low,3
DRESSING_WATER_STATUS_missing_ratio,0.0,0.0,1.0000004,False,low,3
MACHINE_ID_std,0.0,0.0,1.0000004,False,low,3
EDGE_AIR_BAG_PRESSURE_valid_ratio,0.0,0.0,1.0000004,False,low,3
EDGE_AIR_BAG_PRESSURE_missing_ratio,0.0,0.0,1.0000004,False,low,3
MACHINE_ID_missing_ratio,0.0,0.0,1.0000004,False,low,3
MACHINE_ID_valid_ratio,0.0,0.0,1.0000004,False,low,3
MACHINE_ID_q75,0.0,0.0,1.0000004,False,low,3
MACHINE_ID_q25,0.0,0.0,1.0000004,False,low,3
MACHINE_ID_median,0.0,0.0,1.0000004,False,low,3
USAGE_OF_POLISHING_TABLE_valid_ratio,0.0,0.0,1.0000004,False,low,3
SLURRY_FLOW_LINE_B_missing_ratio,0.0,0.0,1.0000004,False,low,3
USAGE_OF_DRESSER_TABLE_valid_ratio,0.0,0.0,1.0000004,False,low,3
SLURRY_FLOW_LINE_C_valid_ratio,0.0,0.0,1.0000004,False,low,3
SLURRY_FLOW_LINE_C_missing_ratio,0.0,0.0,1.0000004,False,low,3
SLURRY_FLOW_LINE_B_valid_ratio,0.0,0.0,1.0000004,False,low,3
SLURRY_FLOW_LINE_A_seg1_median,0.0,0.0,1.0000004,False,low,3
SLURRY_FLOW_LINE_A_missing_ratio,0.0,0.0,1.0000004,False,low,3
SLURRY_FLOW_LINE_A_valid_ratio,0.0,0.0,1.0000004,False,low,3
SLURRY_FLOW_LINE_A_median,0.0,0.0,1.0000004,False,low,3
USAGE_OF_PRESSURIZED_SHEET_missing_ratio,0.0,0.0,1.0000004,False,low,3
USAGE_OF_PRESSURIZED_SHEET_valid_ratio,0.0,0.0,1.0000004,False,low,3
USAGE_OF_MEMBRANE_missing_ratio,0.0,0.0,1.0000004,False,low,3
USAGE_OF_MEMBRANE_valid_ratio,0.0,0.0,1.0000004,False,low,3
RIPPLE_AIR_BAG_PRESSURE_missing_ratio,0.0,0.0,1.0000004,False,low,3
WAFER_ROTATION_q25,0.0,0.0,1.0000004,False,low,3
WAFER_ROTATION_q75,0.0,0.0,1.0000004,False,low,3
WAFER_ROTATION_valid_ratio,0.0,0.0,1.0000004,False,low,3
WAFER_ROTATION_missing_ratio,0.0,0.0,1.0000004,False,low,3
RIPPLE_AIR_BAG_PRESSURE_valid_ratio,0.0,0.0,1.0000004,False,low,3
RETAINER_RING_PRESSURE_missing_ratio,0.0,0.0,1.0000004,False,low,3
RETAINER_RING_PRESSURE_valid_ratio,0.0,0.0,1.0000004,False,low,3
CENTER_AIR_BAG_PRESSURE_missing_ratio,0.0,0.0,1.0000004,False,low,3
CENTER_AIR_BAG_PRESSURE_valid_ratio,0.0,0.0,1.0000004,False,low,3
MAIN_OUTER_AIR_BAG_PRESSURE_missing_ratio,0.0,0.0,1.0000004,False,low,3
MAIN_OUTER_AIR_BAG_PRESSURE_valid_ratio,0.0,0.0,1.0000004,False,low,3
PRESSURIZED_CHAMBER_PRESSURE_missing_ratio,0.0,0.0,1.0000004,False,low,3
STAGE_ROTATION_median,0.0,0.0,1.0000004,False,low,3
STAGE_ROTATION_q25,0.0,0.0,1.0000004,False,low,3
PRESSURIZED_CHAMBER_PRESSURE_valid_ratio,0.0,0.0,1.0000004,False,low,3
STAGE_ROTATION_valid_ratio,0.0,0.0,1.0000004,False,low,3
STAGE_ROTATION_missing_ratio,0.0,0.0,1.0000004,False,low,3
STAGE_ROTATION_q10,0.0,0.0,1.0000004,False,low,3
USAGE_OF_DRESSER_TABLE_missing_ratio,0.0,0.0,1.0000004,False,low,3
CENTER_AIR_BAG_PRESSURE_q75,0.15384756,0.15384758,0.15384758,True,low,4
CENTER_AIR_BAG_PRESSURE_q90,0.09895807,0.09895808,0.25280565,True,low,4
USAGE_OF_DRESSER_TABLE_median,0.055945504,0.055945512,0.30875117,True,low,4
RIPPLE_AIR_BAG_PRESSURE_q90,0.044062942,0.044062946,0.3528141,True,low,4
USAGE_OF_DRESSER_median,0.042083986,0.04208399,0.3948981,True,low,4
SLURRY_FLOW_LINE_C_q25,0.025645876,0.02564588,0.42054397,True,low,4
WAFER_ROTATION_seg2_mean,0.02522898,0.025228985,0.44577295,True,low,4
PRESSURIZED_CHAMBER_PRESSURE_q90,0.02231334,0.022313341,0.4680863,True,low,4
USAGE_OF_BACKING_FILM_median,0.019275118,0.01927512,0.48736143,True,low,4
SLURRY_FLOW_LINE_C_seg1_mean,0.019235475,0.019235477,0.5065969,True,low,4
SLURRY_FLOW_LINE_A_seg1_std,0.01891072,0.018910721,0.5255076,True,low,4
EDGE_AIR_BAG_PRESSURE_seg1_mean,0.018182127,0.018182129,0.5436897,True,low,4
WAFER_ROTATION_seg2_std,0.016502019,0.01650202,0.56019175,True,low,4
EDGE_AIR_BAG_PRESSURE_q75,0.015855363,0.015855365,0.5760471,True,low,4
PRESSURIZED_CHAMBER_PRESSURE_seg1_mean,0.015077653,0.015077655,0.5911248,True,low,4
SLURRY_FLOW_LINE_A_q75,0.013611676,0.013611678,0.60473645,True,low,4
MAIN_OUTER_AIR_BAG_PRESSURE_seg1_mean,0.01345993,0.013459932,0.61819637,True,low,4
SLURRY_FLOW_LINE_C_seg1_median,0.013183635,0.013183637,0.63138,True,low,4
USAGE_OF_POLISHING_TABLE_median,0.011030586,0.011030587,0.64241064,True,low,4
EDGE_AIR_BAG_PRESSURE_seg3_std,0.010812307,0.010812308,0.6532229,True,low,4
SLURRY_FLOW_LINE_C_q75,0.010501302,0.010501303,0.66372424,True,low,4
MAIN_OUTER_AIR_BAG_PRESSURE_q75,0.0100059165,0.010005917,0.67373013,True,low,4
STAGE_ROTATION_seg1_std,0.009921911,0.009921912,0.68365204,True,low,4
WAFER_ROTATION_seg1_std,0.009747204,0.009747205,0.69339925,True,low,4
SLURRY_FLOW_LINE_A_seg1_mean,0.00940204,0.009402041,0.7028013,True,low,4
PRESSURIZED_CHAMBER_PRESSURE_q75,0.008749049,0.00874905,0.71155035,True,low,4
RIPPLE_AIR_BAG_PRESSURE_q75,0.008151101,0.008151102,0.71970147,True,low,4
EDGE_AIR_BAG_PRESSURE_q90,0.0076726247,0.0076726256,0.7273741,True,low,4
PRESSURIZED_CHAMBER_PRESSURE_median,0.0074477117,0.0074477126,0.7348218,True,low,4
WAFER_ROTATION_seg3_std,0.00730889,0.007308891,0.7421307,True,low,4
WAFER_ROTATION_seg1_mean,0.007209091,0.007209092,0.74933976,True,low,4
MAIN_OUTER_AIR_BAG_PRESSURE_std,0.006582002,0.006582003,0.7559218,True,low,4
SLURRY_FLOW_LINE_C_stability,0.006576658,0.006576659,0.76249844,True,low,4
CENTER_AIR_BAG_PRESSURE_spike_count,0.006541617,0.006541618,0.76904005,True,low,4
SLURRY_FLOW_LINE_B_seg1_mean,0.0065037627,0.0065037636,0.7755438,True,low,4
STAGE_ROTATION_q75,0.00628902,0.006289021,0.7818328,True,low,4
DURATION_SEC,0.005964055,0.005964056,0.78779685,True,low,4
SLURRY_FLOW_LINE_B_seg1_std,0.005923783,0.005923784,0.79372066,True,low,4
RETAINER_RING_PRESSURE_q90,0.0057777334,0.005777734,0.7994984,True,low,4
HEAD_ROTATION_seg2_mean,0.0057687727,0.005768773,0.80526716,True,low,4
STAGE_ROTATION_seg1_mean,0.00564213,0.0056421305,0.8109093,False,low,4
SLURRY_FLOW_LINE_C_q90,0.0053261123,0.0053261127,0.81623536,False,low,4
SLURRY_FLOW_LINE_C_seg2_mean,0.0052638575,0.005263858,0.8214992,False,low,4
SLURRY_FLOW_LINE_C_q10,0.0052531436,0.005253144,0.82675236,False,low,4
CENTER_AIR_BAG_PRESSURE_seg1_std,0.0051550753,0.005155076,0.83190745,False,low,4
PRESSURIZED_CHAMBER_PRESSURE_upper_tail_ratio,0.0047936747,0.004793675,0.83670115,False,low,4
PRESSURIZED_CHAMBER_PRESSURE_q10,0.0047278726,0.004727873,0.84142905,False,low,4
HEAD_ROTATION_seg1_mean,0.0047128024,0.004712803,0.8461419,False,low,4
SLURRY_FLOW_LINE_A_slope,0.0045077843,0.0045077847,0.85064965,False,low,4
HEAD_ROTATION_seg1_std,0.0043841396,0.00438414,0.8550338,False,low,4
WAFER_ROTATION_std,0.0043685064,0.004368507,0.8594023,False,low,4
WAFER_ROTATION_lag1_autocorr,0.0043569687,0.004356969,0.8637593,False,low,4
RETAINER_RING_PRESSURE_seg3_std,0.0041664387,0.004166439,0.8679257,False,low,4
MAIN_OUTER_AIR_BAG_PRESSURE_spike_count,0.0041005746,0.004100575,0.87202626,False,low,4
RIPPLE_AIR_BAG_PRESSURE_upper_tail_ratio,0.003944848,0.0039448487,0.87597114,False,low,4
MAIN_OUTER_AIR_BAG_PRESSURE_seg3_std,0.0039431923,0.003943193,0.87991434,False,low,4
SLURRY_FLOW_LINE_A_iqr,0.003916012,0.0039160126,0.88383037,False,low,4
PRESSURIZED_CHAMBER_PRESSURE_seg3_std,0.0036744664,0.0036744669,0.8875048,False,low,4
SLURRY_FLOW_LINE_B_stability,0.003591528,0.0035915284,0.89109635,False,low,4
STAGE_ROTATION_std,0.0035817865,0.003581787,0.8946781,False,low,4
SLURRY_FLOW_LINE_C_seg1_std,0.0035697953,0.0035697958,0.8982479,False,low,4
HEAD_ROTATION_seg3_mean,0.003465118,0.0034651184,0.901713,False,low,4
RETAINER_RING_PRESSURE_std,0.0034302394,0.0034302399,0.90514326,False,low,4
RETAINER_RING_PRESSURE_spike_count,0.003410988,0.0034109885,0.90855426,False,low,4
RETAINER_RING_PRESSURE_seg1_mean,0.0033787074,0.003378708,0.91193295,False,low,4
PRESSURIZED_CHAMBER_PRESSURE_spike_count,0.0033712713,0.0033712718,0.91530424,False,low,4
MAIN_OUTER_AIR_BAG_PRESSURE_upper_tail_ratio,0.0033656594,0.0033656599,0.9186699,False,low,4
HEAD_ROTATION_std,0.0033453086,0.003345309,0.9220152,False,low,4
RIPPLE_AIR_BAG_PRESSURE_spike_count,0.0033306128,0.0033306133,0.9253458,False,low,4
STAGE_ROTATION_slope,0.0032362035,0.003236204,0.92858195,False,low,4
STAGE_ROTATION_seg3_std,0.003209205,0.0032092056,0.9317912,False,low,4
SLURRY_FLOW_LINE_C_std,0.003190532,0.0031905326,0.9349817,False,low,4
STAGE_ROTATION_seg3_mean,0.0031103708,0.0031103713,0.93809205,False,low,4
STAGE_ROTATION_seg2_std,0.0029585375,0.002958538,0.9410506,False,low,4
PRESSURIZED_CHAMBER_PRESSURE_std,0.0029322156,0.002932216,0.9439828,False,low,4
DRESSING_WATER_STATUS_q75,0.0028942837,0.002894284,0.94687706,False,low,4
WAFER_ROTATION_slope,0.0028415006,0.0028415008,0.94971853,False,low,4
HEAD_ROTATION_seg2_std,0.00282024,0.0028202403,0.9525388,False,low,4
RETAINER_RING_PRESSURE_q75,0.0028195572,0.0028195574,0.9553583,False,low,4
WAFER_ROTATION_seg3_mean,0.0027407175,0.0027407177,0.95809907,False,low,4
SLURRY_FLOW_LINE_C_seg2_std,0.0026217494,0.0026217496,0.96072084,False,low,4
SLURRY_FLOW_LINE_B_slope,0.0025728447,0.002572845,0.9632937,False,low,4
HEAD_ROTATION_slope,0.0024879742,0.0024879745,0.9657816,False,low,4
EDGE_AIR_BAG_PRESSURE_seg1_std,0.0024786869,0.002478687,0.9682603,False,low,4
RIPPLE_AIR_BAG_PRESSURE_seg3_std,0.0024638858,0.002463886,0.97072417,False,low,4
EDGE_AIR_BAG_PRESSURE_upper_tail_ratio,0.0024425793,0.0024425795,0.97316676,False,low,4
WAFER_ROTATION_q75,0.002316717,0.0023167173,0.9754835,False,low,4
SLURRY_FLOW_LINE_B_std,0.002268285,0.0022682853,0.9777518,False,low,4
SLURRY_FLOW_LINE_B_seg2_std,0.002239763,0.0022397633,0.97999156,False,low,4
STAGE_ROTATION_lag1_autocorr,0.0022032708,0.002203271,0.98219484,False,low,4
DRESSING_WATER_STATUS_q25,0.002188603,0.0021886032,0.98438346,False,low,4
RETAINER_RING_PRESSURE_upper_tail_ratio,0.002121201,0.0021212013,0.9865047,False,low,4
SLURRY_FLOW_LINE_A_low_flow_ratio,0.0019151397,0.00191514,0.98841983,False,low,4
SLURRY_FLOW_LINE_A_q90,0.0018608706,0.0018608709,0.9902807,False,low,4
SLURRY_FLOW_LINE_C_iqr,0.0017078355,0.0017078357,0.99198854,False,low,4
RETAINER_RING_PRESSURE_q10,0.0015450041,0.0015450043,0.99353355,False,low,4
MAIN_OUTER_AIR_BAG_PRESSURE_q10,0.0011906064,0.0011906065,0.99472415,False,low,4
HEAD_ROTATION_median,0.0011470766,0.0011470767,0.99587125,False,low,4
USAGE_OF_DRESSER_delta,0.0010853843,0.0010853844,0.99695665,False,low,4
EDGE_AIR_BAG_PRESSURE_spike_count,0.0008622842,0.00086228433,0.99781895,False,low,4
DRESSING_WATER_STATUS_median,0.0007790251,0.0007790252,0.998598,False,low,4
MACHINE_DATA_median,0.0007507335,0.0007507336,0.9993487,False,low,4
USAGE_OF_DRESSER_TABLE_delta,0.0006368817,0.00063688174,0.9999856,False,low,4
SOURCE_FILE_NUNIQUE,1.4470108e-05,1.447011e-05,1.0,False,low,4
MACHINE_ID_q75,0.0,0.0,1.0,False,low,4
CHAMBER_missing_ratio,0.0,0.0,1.0,False,low,4
USAGE_OF_POLISHING_TABLE_missing_ratio,0.0,0.0,1.0,False,low,4
USAGE_OF_POLISHING_TABLE_valid_ratio,0.0,0.0,1.0,False,low,4
USAGE_OF_DRESSER_missing_ratio,0.0,0.0,1.0,False,low,4
USAGE_OF_DRESSER_valid_ratio,0.0,0.0,1.0,False,low,4
USAGE_OF_BACKING_FILM_missing_ratio,0.0,0.0,1.0,False,low,4
HEAD_ROTATION_q25,0.0,0.0,1.0,False,low,4
HEAD_ROTATION_q75,0.0,0.0,1.0,False,low,4
HEAD_ROTATION_valid_ratio,0.0,0.0,1.0,False,low,4
HEAD_ROTATION_missing_ratio,0.0,0.0,1.0,False,low,4
HEAD_ROTATION_q90,0.0,0.0,1.0,False,low,4
USAGE_OF_BACKING_FILM_valid_ratio,0.0,0.0,1.0,False,low,4
CHAMBER_zero_ratio,0.0,0.0,1.0,False,low,4
CHAMBER_valid_ratio,0.0,0.0,1.0,False,low,4
MACHINE_ID_valid_ratio,0.0,0.0,1.0,False,low,4
MACHINE_DATA_zero_ratio,0.0,0.0,1.0,False,low,4
USAGE_OF_DRESSER_TABLE_valid_ratio,0.0,0.0,1.0,False,low,4
MACHINE_DATA_valid_ratio,0.0,0.0,1.0,False,low,4
MACHINE_ID_median,0.0,0.0,1.0,False,low,4
MACHINE_ID_q25,0.0,0.0,1.0,False,low,4
MACHINE_ID_zero_ratio,0.0,0.0,1.0,False,low,4
DRESSING_WATER_STATUS_valid_ratio,0.0,0.0,1.0,False,low,4
DRESSING_WATER_STATUS_missing_ratio,0.0,0.0,1.0,False,low,4
MACHINE_ID_std,0.0,0.0,1.0,False,low,4
EDGE_AIR_BAG_PRESSURE_valid_ratio,0.0,0.0,1.0,False,low,4
EDGE_AIR_BAG_PRESSURE_missing_ratio,0.0,0.0,1.0,False,low,4
MACHINE_ID_missing_ratio,0.0,0.0,1.0,False,low,4
MACHINE_DATA_missing_ratio,0.0,0.0,1.0,False,low,4
SLURRY_FLOW_LINE_C_missing_ratio,0.0,0.0,1.0,False,low,4
SLURRY_FLOW_LINE_C_valid_ratio,0.0,0.0,1.0,False,low,4
PRESSURIZED_CHAMBER_PRESSURE_valid_ratio,0.0,0.0,1.0,False,low,4
SLURRY_FLOW_LINE_B_missing_ratio,0.0,0.0,1.0,False,low,4
SLURRY_FLOW_LINE_B_valid_ratio,0.0,0.0,1.0,False,low,4
SLURRY_FLOW_LINE_A_seg1_median,0.0,0.0,1.0,False,low,4
SLURRY_FLOW_LINE_A_missing_ratio,0.0,0.0,1.0,False,low,4
SLURRY_FLOW_LINE_A_valid_ratio,0.0,0.0,1.0,False,low,4
SLURRY_FLOW_LINE_A_median,0.0,0.0,1.0,False,low,4
USAGE_OF_PRESSURIZED_SHEET_missing_ratio,0.0,0.0,1.0,False,low,4
USAGE_OF_PRESSURIZED_SHEET_valid_ratio,0.0,0.0,1.0,False,low,4
USAGE_OF_MEMBRANE_missing_ratio,0.0,0.0,1.0,False,low,4
WAFER_ROTATION_median,0.0,0.0,1.0,False,low,4
WAFER_ROTATION_q25,0.0,0.0,1.0,False,low,4
USAGE_OF_MEMBRANE_valid_ratio,0.0,0.0,1.0,False,low,4
WAFER_ROTATION_valid_ratio,0.0,0.0,1.0,False,low,4
WAFER_ROTATION_missing_ratio,0.0,0.0,1.0,False,low,4
RIPPLE_AIR_BAG_PRESSURE_missing_ratio,0.0,0.0,1.0,False,low,4
RIPPLE_AIR_BAG_PRESSURE_valid_ratio,0.0,0.0,1.0,False,low,4
RETAINER_RING_PRESSURE_missing_ratio,0.0,0.0,1.0,False,low,4
RETAINER_RING_PRESSURE_valid_ratio,0.0,0.0,1.0,False,low,4
CENTER_AIR_BAG_PRESSURE_missing_ratio,0.0,0.0,1.0,False,low,4
CENTER_AIR_BAG_PRESSURE_valid_ratio,0.0,0.0,1.0,False,low,4
MAIN_OUTER_AIR_BAG_PRESSURE_q90,0.0,0.0,1.0,False,low,4
MAIN_OUTER_AIR_BAG_PRESSURE_missing_ratio,0.0,0.0,1.0,False,low,4
MAIN_OUTER_AIR_BAG_PRESSURE_valid_ratio,0.0,0.0,1.0,False,low,4
STAGE_ROTATION_median,0.0,0.0,1.0,False,low,4
STAGE_ROTATION_q25,0.0,0.0,1.0,False,low,4
PRESSURIZED_CHAMBER_PRESSURE_missing_ratio,0.0,0.0,1.0,False,low,4
STAGE_ROTATION_valid_ratio,0.0,0.0,1.0,False,low,4
STAGE_ROTATION_missing_ratio,0.0,0.0,1.0,False,low,4
STAGE_ROTATION_q10,0.0,0.0,1.0,False,low,4
USAGE_OF_DRESSER_TABLE_missing_ratio,0.0,0.0,1.0,False,low,4
CENTER_AIR_BAG_PRESSURE_q75,0.10233242,0.10233243,0.10233243,True,low,5
PRESSURIZED_CHAMBER_PRESSURE_q75,0.10051631,0.10051632,0.20284875,True,low,5
RIPPLE_AIR_BAG_PRESSURE_q90,0.06696938,0.06696939,0.26981813,True,low,5
USAGE_OF_DRESSER_median,0.056547724,0.056547727,0.32636586,True,low,5
CENTER_AIR_BAG_PRESSURE_q90,0.043330047,0.04333005,0.3696959,True,low,5
SLURRY_FLOW_LINE_C_q25,0.041130897,0.0411309,0.4108268,True,low,5
MAIN_OUTER_AIR_BAG_PRESSURE_seg1_mean,0.023061646,0.023061648,0.43388844,True,low,5
SLURRY_FLOW_LINE_A_seg1_mean,0.020330677,0.020330679,0.4542191,True,low,5
MAIN_OUTER_AIR_BAG_PRESSURE_q90,0.019418279,0.01941828,0.47363737,True,low,5
WAFER_ROTATION_seg2_mean,0.017431624,0.017431626,0.491069,True,low,5
SLURRY_FLOW_LINE_A_seg1_std,0.015449653,0.015449654,0.50651866,True,low,5
EDGE_AIR_BAG_PRESSURE_seg3_std,0.015128199,0.0151282,0.52164686,True,low,5
USAGE_OF_BACKING_FILM_median,0.015096876,0.015096877,0.53674376,True,low,5
EDGE_AIR_BAG_PRESSURE_seg1_mean,0.014916199,0.0149162,0.55165994,True,low,5
PRESSURIZED_CHAMBER_PRESSURE_q10,0.014436249,0.01443625,0.5660962,True,low,5
RIPPLE_AIR_BAG_PRESSURE_q75,0.013421563,0.013421564,0.5795177,True,low,5
WAFER_ROTATION_seg2_std,0.012827243,0.012827244,0.59234494,True,low,5
SLURRY_FLOW_LINE_C_seg1_median,0.012612674,0.012612675,0.60495764,True,low,5
WAFER_ROTATION_seg3_std,0.0123042865,0.012304287,0.61726195,True,low,5
USAGE_OF_POLISHING_TABLE_median,0.012257448,0.012257449,0.6295194,True,low,5
USAGE_OF_DRESSER_TABLE_median,0.01102268,0.011022681,0.6405421,True,low,5
EDGE_AIR_BAG_PRESSURE_q75,0.010408078,0.010408079,0.6509502,True,low,5
SLURRY_FLOW_LINE_C_q75,0.010356479,0.01035648,0.6613067,True,low,5
PRESSURIZED_CHAMBER_PRESSURE_q90,0.010277713,0.010277714,0.67158437,True,low,5
SLURRY_FLOW_LINE_C_iqr,0.009165336,0.009165337,0.6807497,True,low,5
PRESSURIZED_CHAMBER_PRESSURE_std,0.009037835,0.0090378355,0.68978757,True,low,5
MAIN_OUTER_AIR_BAG_PRESSURE_seg3_std,0.008625087,0.008625088,0.69841266,True,low,5
PRESSURIZED_CHAMBER_PRESSURE_seg1_mean,0.007796026,0.0077960263,0.7062087,True,low,5
SLURRY_FLOW_LINE_C_seg1_mean,0.007449503,0.0074495035,0.7136582,True,low,5
EDGE_AIR_BAG_PRESSURE_upper_tail_ratio,0.0074433647,0.007443365,0.7211016,True,low,5
SLURRY_FLOW_LINE_C_stability,0.006739872,0.0067398725,0.72784144,True,low,5
RIPPLE_AIR_BAG_PRESSURE_spike_count,0.006658143,0.0066581434,0.7344996,True,low,5
SLURRY_FLOW_LINE_B_seg1_std,0.0065436363,0.006543637,0.7410432,True,low,5
PRESSURIZED_CHAMBER_PRESSURE_seg3_std,0.0064737406,0.006473741,0.74751693,True,low,5
STAGE_ROTATION_q75,0.0064524813,0.0064524817,0.75396943,True,low,5
WAFER_ROTATION_q75,0.006416919,0.0064169196,0.76038635,True,low,5
HEAD_ROTATION_seg2_std,0.0063623586,0.006362359,0.7667487,True,low,5
STAGE_ROTATION_lag1_autocorr,0.006125761,0.0061257617,0.7728745,True,low,5
PRESSURIZED_CHAMBER_PRESSURE_median,0.0059371167,0.005937117,0.7788116,True,low,5
WAFER_ROTATION_seg1_std,0.005704324,0.0057043247,0.7845159,True,low,5
CENTER_AIR_BAG_PRESSURE_seg1_std,0.005528729,0.0055287294,0.79004467,True,low,5
RETAINER_RING_PRESSURE_upper_tail_ratio,0.0055049704,0.005504971,0.79554963,True,low,5
WAFER_ROTATION_seg1_mean,0.0053834193,0.00538342,0.80093306,True,low,5
STAGE_ROTATION_seg1_std,0.005326582,0.0053265826,0.80625963,False,low,5
PRESSURIZED_CHAMBER_PRESSURE_upper_tail_ratio,0.0052514155,0.005251416,0.81151104,False,low,5
SLURRY_FLOW_LINE_A_slope,0.00522071,0.0052207103,0.81673175,False,low,5
RIPPLE_AIR_BAG_PRESSURE_upper_tail_ratio,0.0049009034,0.004900904,0.8216327,False,low,5
RETAINER_RING_PRESSURE_seg3_std,0.0048788297,0.00487883,0.8265115,False,low,5
RETAINER_RING_PRESSURE_q90,0.004785684,0.0047856844,0.83129716,False,low,5
SLURRY_FLOW_LINE_C_q90,0.0047720456,0.004772046,0.8360692,False,low,5
SLURRY_FLOW_LINE_A_iqr,0.004763299,0.0047632996,0.84083253,False,low,5
HEAD_ROTATION_q90,0.0047479826,0.004747983,0.8455805,False,low,5
SLURRY_FLOW_LINE_C_seg2_mean,0.00473192,0.0047319205,0.8503124,False,low,5
SLURRY_FLOW_LINE_C_std,0.0046313065,0.004631307,0.8549437,False,low,5
MAIN_OUTER_AIR_BAG_PRESSURE_std,0.0046109725,0.004610973,0.85955465,False,low,5
SLURRY_FLOW_LINE_C_seg1_std,0.0046104896,0.00461049,0.8641651,False,low,5
HEAD_ROTATION_seg2_mean,0.004544229,0.0045442292,0.8687094,False,low,5
STAGE_ROTATION_seg2_std,0.004428078,0.0044280784,0.8731375,False,low,5
STAGE_ROTATION_std,0.00436034,0.0043603405,0.8774978,False,low,5
PRESSURIZED_CHAMBER_PRESSURE_spike_count,0.0041623535,0.004162354,0.88166016,False,low,5
SLURRY_FLOW_LINE_A_low_flow_ratio,0.0039558765,0.003955877,0.88561606,False,low,5
EDGE_AIR_BAG_PRESSURE_q90,0.0039494955,0.003949496,0.8895656,False,low,5
SLURRY_FLOW_LINE_B_std,0.0038336683,0.0038336685,0.89339924,False,low,5
STAGE_ROTATION_slope,0.0037301444,0.0037301446,0.89712936,False,low,5
STAGE_ROTATION_seg1_mean,0.003691981,0.0036919813,0.9008213,False,low,5
DRESSING_WATER_STATUS_median,0.0036856467,0.003685647,0.904507,False,low,5
SLURRY_FLOW_LINE_A_q75,0.0035085417,0.003508542,0.90801555,False,low,5
RETAINER_RING_PRESSURE_q10,0.003368745,0.0033687453,0.9113843,False,low,5
SLURRY_FLOW_LINE_C_seg2_std,0.0033679418,0.003367942,0.91475224,False,low,5
STAGE_ROTATION_seg3_std,0.0033609127,0.003360913,0.9181132,False,low,5
MAIN_OUTER_AIR_BAG_PRESSURE_q10,0.0032902567,0.003290257,0.9214034,False,low,5
STAGE_ROTATION_seg3_mean,0.0032540336,0.0032540339,0.92465746,False,low,5
RETAINER_RING_PRESSURE_std,0.0031997256,0.0031997259,0.92785716,False,low,5
DRESSING_WATER_STATUS_q25,0.0031868531,0.0031868534,0.93104404,False,low,5
WAFER_ROTATION_lag1_autocorr,0.00318213,0.0031821302,0.93422616,False,low,5
WAFER_ROTATION_median,0.0031579416,0.0031579419,0.93738407,False,low,5
WAFER_ROTATION_slope,0.0031559556,0.0031559558,0.94054,False,low,5
RETAINER_RING_PRESSURE_seg1_mean,0.0029867806,0.0029867808,0.9435268,False,low,5
EDGE_AIR_BAG_PRESSURE_seg1_std,0.0028967317,0.002896732,0.94642353,False,low,5
SLURRY_FLOW_LINE_A_q90,0.0027940017,0.002794002,0.94921756,False,low,5
MAIN_OUTER_AIR_BAG_PRESSURE_spike_count,0.0027789709,0.002778971,0.9519965,False,low,5
WAFER_ROTATION_seg3_mean,0.0027509152,0.0027509155,0.95474744,False,low,5
HEAD_ROTATION_seg1_std,0.0026815168,0.002681517,0.95742893,False,low,5
HEAD_ROTATION_seg3_mean,0.002673036,0.0026730362,0.96010196,False,low,5
CENTER_AIR_BAG_PRESSURE_spike_count,0.0026489215,0.0026489217,0.9627509,False,low,5
HEAD_ROTATION_std,0.0025675911,0.0025675914,0.9653185,False,low,5
EDGE_AIR_BAG_PRESSURE_spike_count,0.0025281492,0.0025281494,0.96784663,False,low,5
RIPPLE_AIR_BAG_PRESSURE_seg3_std,0.0024857598,0.00248576,0.9703324,False,low,5
HEAD_ROTATION_median,0.0024209102,0.0024209104,0.9727533,False,low,5
WAFER_ROTATION_std,0.0023959067,0.002395907,0.9751492,False,low,5
MAIN_OUTER_AIR_BAG_PRESSURE_upper_tail_ratio,0.0023432546,0.0023432549,0.97749245,False,low,5
HEAD_ROTATION_slope,0.0023189904,0.0023189906,0.97981143,False,low,5
SLURRY_FLOW_LINE_B_seg2_std,0.0022875243,0.0022875245,0.98209894,False,low,5
HEAD_ROTATION_seg1_mean,0.002197119,0.0021971192,0.9842961,False,low,5
USAGE_OF_DRESSER_delta,0.0020864063,0.0020864066,0.9863825,False,low,5
SLURRY_FLOW_LINE_B_seg1_mean,0.0020721392,0.0020721394,0.98845464,False,low,5
DRESSING_WATER_STATUS_q75,0.0020355277,0.002035528,0.99049014,False,low,5
RETAINER_RING_PRESSURE_q75,0.0019786176,0.0019786179,0.9924688,False,low,5
SLURRY_FLOW_LINE_B_slope,0.0019284405,0.0019284406,0.9943972,False,low,5
SLURRY_FLOW_LINE_B_stability,0.0017075737,0.0017075738,0.9961048,False,low,5
MAIN_OUTER_AIR_BAG_PRESSURE_q75,0.0016621675,0.0016621676,0.997767,False,low,5
RETAINER_RING_PRESSURE_spike_count,0.0016461603,0.0016461604,0.99941313,False,low,5
USAGE_OF_DRESSER_TABLE_delta,0.00052856834,0.0005285684,0.9999417,False,low,5
SOURCE_FILE_NUNIQUE,3.974554e-05,3.9745544e-05,0.99998146,False,low,5
MACHINE_DATA_median,1.861325e-05,1.8613251e-05,1.0000001,False,low,5
HEAD_ROTATION_valid_ratio,0.0,0.0,1.0000001,False,low,5
CHAMBER_missing_ratio,0.0,0.0,1.0000001,False,low,5
HEAD_ROTATION_missing_ratio,0.0,0.0,1.0000001,False,low,5
HEAD_ROTATION_q25,0.0,0.0,1.0000001,False,low,5
USAGE_OF_BACKING_FILM_valid_ratio,0.0,0.0,1.0000001,False,low,5
CHAMBER_zero_ratio,0.0,0.0,1.0000001,False,low,5
USAGE_OF_BACKING_FILM_missing_ratio,0.0,0.0,1.0000001,False,low,5
USAGE_OF_DRESSER_valid_ratio,0.0,0.0,1.0000001,False,low,5
USAGE_OF_DRESSER_missing_ratio,0.0,0.0,1.0000001,False,low,5
HEAD_ROTATION_q75,0.0,0.0,1.0000001,False,low,5
MACHINE_DATA_missing_ratio,0.0,0.0,1.0000001,False,low,5
CHAMBER_valid_ratio,0.0,0.0,1.0000001,False,low,5
MACHINE_DATA_zero_ratio,0.0,0.0,1.0000001,False,low,5
USAGE_OF_POLISHING_TABLE_missing_ratio,0.0,0.0,1.0000001,False,low,5
MACHINE_DATA_valid_ratio,0.0,0.0,1.0000001,False,low,5
MACHINE_ID_zero_ratio,0.0,0.0,1.0000001,False,low,5
DRESSING_WATER_STATUS_valid_ratio,0.0,0.0,1.0000001,False,low,5
DRESSING_WATER_STATUS_missing_ratio,0.0,0.0,1.0000001,False,low,5
MACHINE_ID_std,0.0,0.0,1.0000001,False,low,5
EDGE_AIR_BAG_PRESSURE_valid_ratio,0.0,0.0,1.0000001,False,low,5
EDGE_AIR_BAG_PRESSURE_missing_ratio,0.0,0.0,1.0000001,False,low,5
MACHINE_ID_missing_ratio,0.0,0.0,1.0000001,False,low,5
MACHINE_ID_valid_ratio,0.0,0.0,1.0000001,False,low,5
MACHINE_ID_q75,0.0,0.0,1.0000001,False,low,5
MACHINE_ID_q25,0.0,0.0,1.0000001,False,low,5
MACHINE_ID_median,0.0,0.0,1.0000001,False,low,5
USAGE_OF_POLISHING_TABLE_valid_ratio,0.0,0.0,1.0000001,False,low,5
SLURRY_FLOW_LINE_A_seg1_median,0.0,0.0,1.0000001,False,low,5
USAGE_OF_DRESSER_TABLE_valid_ratio,0.0,0.0,1.0000001,False,low,5
RETAINER_RING_PRESSURE_missing_ratio,0.0,0.0,1.0000001,False,low,5
SLURRY_FLOW_LINE_B_valid_ratio,0.0,0.0,1.0000001,False,low,5
SLURRY_FLOW_LINE_B_missing_ratio,0.0,0.0,1.0000001,False,low,5
SLURRY_FLOW_LINE_A_missing_ratio,0.0,0.0,1.0000001,False,low,5
SLURRY_FLOW_LINE_A_valid_ratio,0.0,0.0,1.0000001,False,low,5
SLURRY_FLOW_LINE_A_median,0.0,0.0,1.0000001,False,low,5
USAGE_OF_PRESSURIZED_SHEET_missing_ratio,0.0,0.0,1.0000001,False,low,5
SLURRY_FLOW_LINE_C_valid_ratio,0.0,0.0,1.0000001,False,low,5
SLURRY_FLOW_LINE_C_missing_ratio,0.0,0.0,1.0000001,False,low,5
SLURRY_FLOW_LINE_C_q10,0.0,0.0,1.0000001,False,low,5
USAGE_OF_PRESSURIZED_SHEET_valid_ratio,0.0,0.0,1.0000001,False,low,5
USAGE_OF_MEMBRANE_missing_ratio,0.0,0.0,1.0000001,False,low,5
USAGE_OF_MEMBRANE_valid_ratio,0.0,0.0,1.0000001,False,low,5
RIPPLE_AIR_BAG_PRESSURE_missing_ratio,0.0,0.0,1.0000001,False,low,5
RIPPLE_AIR_BAG_PRESSURE_valid_ratio,0.0,0.0,1.0000001,False,low,5
RETAINER_RING_PRESSURE_valid_ratio,0.0,0.0,1.0000001,False,low,5
STAGE_ROTATION_q10,0.0,0.0,1.0000001,False,low,5
WAFER_ROTATION_q25,0.0,0.0,1.0000001,False,low,5
CENTER_AIR_BAG_PRESSURE_missing_ratio,0.0,0.0,1.0000001,False,low,5
WAFER_ROTATION_valid_ratio,0.0,0.0,1.0000001,False,low,5
WAFER_ROTATION_missing_ratio,0.0,0.0,1.0000001,False,low,5
CENTER_AIR_BAG_PRESSURE_valid_ratio,0.0,0.0,1.0000001,False,low,5
MAIN_OUTER_AIR_BAG_PRESSURE_missing_ratio,0.0,0.0,1.0000001,False,low,5
MAIN_OUTER_AIR_BAG_PRESSURE_valid_ratio,0.0,0.0,1.0000001,False,low,5
PRESSURIZED_CHAMBER_PRESSURE_missing_ratio,0.0,0.0,1.0000001,False,low,5
PRESSURIZED_CHAMBER_PRESSURE_valid_ratio,0.0,0.0,1.0000001,False,low,5
STAGE_ROTATION_median,0.0,0.0,1.0000001,False,low,5
DURATION_SEC,0.0,0.0,1.0000001,False,low,5
USAGE_OF_DRESSER_TABLE_missing_ratio,0.0,0.0,1.0000001,False,low,5
STAGE_ROTATION_valid_ratio,0.0,0.0,1.0000001,False,low,5
STAGE_ROTATION_missing_ratio,0.0,0.0,1.0000001,False,low,5
STAGE_ROTATION_q25,0.0,0.0,1.0000001,False,low,5
USAGE_OF_DRESSER_TABLE_median,0.08930659,0.089306585,0.089306585,True,low,final_refit
PRESSURIZED_CHAMBER_PRESSURE_q75,0.075308375,0.07530837,0.16461495,True,low,final_refit
SLURRY_FLOW_LINE_C_q25,0.061742913,0.061742906,0.22635785,True,low,final_refit
USAGE_OF_DRESSER_median,0.059930746,0.059930738,0.2862886,True,low,final_refit
CENTER_AIR_BAG_PRESSURE_q75,0.050169863,0.050169855,0.33645844,True,low,final_refit
RIPPLE_AIR_BAG_PRESSURE_q90,0.040082928,0.040082924,0.37654138,True,low,final_refit
STAGE_ROTATION_seg1_mean,0.02947144,0.029471437,0.4060128,True,low,final_refit
WAFER_ROTATION_seg2_std,0.027644504,0.0276445,0.4336573,True,low,final_refit
MAIN_OUTER_AIR_BAG_PRESSURE_q90,0.02139559,0.021395588,0.45505288,True,low,final_refit
EDGE_AIR_BAG_PRESSURE_q75,0.020764198,0.020764196,0.47581708,True,low,final_refit
CENTER_AIR_BAG_PRESSURE_q90,0.019801594,0.019801592,0.49561867,True,low,final_refit
WAFER_ROTATION_seg1_mean,0.019460749,0.019460747,0.51507944,True,low,final_refit
WAFER_ROTATION_seg2_mean,0.018956322,0.01895632,0.53403574,True,low,final_refit
SLURRY_FLOW_LINE_C_iqr,0.017058736,0.017058734,0.5510945,True,low,final_refit
SLURRY_FLOW_LINE_A_seg1_mean,0.017014505,0.017014503,0.568109,True,low,final_refit
MAIN_OUTER_AIR_BAG_PRESSURE_q75,0.016206328,0.016206326,0.5843153,True,low,final_refit
PRESSURIZED_CHAMBER_PRESSURE_seg1_mean,0.01350342,0.013503418,0.59781873,True,low,final_refit
RIPPLE_AIR_BAG_PRESSURE_q75,0.012609531,0.012609529,0.6104283,True,low,final_refit
MAIN_OUTER_AIR_BAG_PRESSURE_seg1_mean,0.012349401,0.012349399,0.6227777,True,low,final_refit
STAGE_ROTATION_seg1_std,0.012271492,0.01227149,0.63504916,True,low,final_refit
SLURRY_FLOW_LINE_C_seg1_mean,0.011180578,0.011180577,0.64622974,True,low,final_refit
USAGE_OF_POLISHING_TABLE_median,0.010582056,0.010582055,0.6568118,True,low,final_refit
SLURRY_FLOW_LINE_A_seg1_std,0.010285966,0.010285965,0.66709775,True,low,final_refit
EDGE_AIR_BAG_PRESSURE_q90,0.009929587,0.009929586,0.67702734,True,low,final_refit
RIPPLE_AIR_BAG_PRESSURE_seg3_std,0.009712812,0.009712811,0.68674016,True,low,final_refit
SLURRY_FLOW_LINE_C_stability,0.008629207,0.008629206,0.69536936,True,low,final_refit
WAFER_ROTATION_std,0.008062617,0.008062616,0.70343196,True,low,final_refit
WAFER_ROTATION_seg3_std,0.007928912,0.007928911,0.7113609,True,low,final_refit
EDGE_AIR_BAG_PRESSURE_seg1_mean,0.007850785,0.007850784,0.71921164,True,low,final_refit
PRESSURIZED_CHAMBER_PRESSURE_median,0.0077227848,0.007722784,0.72693443,True,low,final_refit
WAFER_ROTATION_slope,0.0073630046,0.0073630037,0.73429745,True,low,final_refit
PRESSURIZED_CHAMBER_PRESSURE_q90,0.006851357,0.006851356,0.7411488,True,low,final_refit
STAGE_ROTATION_q75,0.0067585423,0.0067585413,0.7479074,True,low,final_refit
PRESSURIZED_CHAMBER_PRESSURE_q10,0.006538973,0.0065389723,0.7544464,True,low,final_refit
MAIN_OUTER_AIR_BAG_PRESSURE_seg3_std,0.006535248,0.006535247,0.7609816,True,low,final_refit
USAGE_OF_BACKING_FILM_median,0.006340003,0.006340002,0.76732165,True,low,final_refit
STAGE_ROTATION_median,0.00583067,0.0058306693,0.7731523,True,low,final_refit
PRESSURIZED_CHAMBER_PRESSURE_upper_tail_ratio,0.005704098,0.0057040974,0.7788564,True,low,final_refit
RETAINER_RING_PRESSURE_seg3_std,0.005684778,0.0056847776,0.7845412,True,low,final_refit
MAIN_OUTER_AIR_BAG_PRESSURE_std,0.005405419,0.0054054186,0.7899466,True,low,final_refit
STAGE_ROTATION_slope,0.0052449238,0.0052449233,0.7951915,True,low,final_refit
SLURRY_FLOW_LINE_B_std,0.0052040224,0.005204022,0.80039555,True,low,final_refit
SLURRY_FLOW_LINE_C_q75,0.005153377,0.0051533766,0.8055489,False,low,final_refit
SLURRY_FLOW_LINE_C_seg2_mean,0.0050047557,0.005004755,0.81055367,False,low,final_refit
SLURRY_FLOW_LINE_C_seg1_std,0.004824845,0.0048248447,0.8153785,False,low,final_refit
RIPPLE_AIR_BAG_PRESSURE_spike_count,0.0046005887,0.004600588,0.8199791,False,low,final_refit
SLURRY_FLOW_LINE_B_seg2_std,0.004309658,0.0043096575,0.8242887,False,low,final_refit
RETAINER_RING_PRESSURE_q75,0.0041985693,0.004198569,0.8284873,False,low,final_refit
SLURRY_FLOW_LINE_C_q90,0.00419471,0.0041947095,0.832682,False,low,final_refit
HEAD_ROTATION_seg2_std,0.004167507,0.0041675065,0.8368495,False,low,final_refit
STAGE_ROTATION_std,0.0041462444,0.004146244,0.8409957,False,low,final_refit
SLURRY_FLOW_LINE_B_stability,0.0041265846,0.004126584,0.84512234,False,low,final_refit
SLURRY_FLOW_LINE_A_low_flow_ratio,0.0040788464,0.004078846,0.8492012,False,low,final_refit
SLURRY_FLOW_LINE_B_seg1_std,0.0039836206,0.00398362,0.8531848,False,low,final_refit
MAIN_OUTER_AIR_BAG_PRESSURE_upper_tail_ratio,0.0039235493,0.003923549,0.85710835,False,low,final_refit
SLURRY_FLOW_LINE_C_seg1_median,0.0038779206,0.00387792,0.8609863,False,low,final_refit
CENTER_AIR_BAG_PRESSURE_spike_count,0.0038321961,0.0038321957,0.8648185,False,low,final_refit
RETAINER_RING_PRESSURE_q90,0.0037909818,0.0037909814,0.8686095,False,low,final_refit
WAFER_ROTATION_seg1_std,0.003787104,0.0037871036,0.8723966,False,low,final_refit
WAFER_ROTATION_lag1_autocorr,0.003777972,0.0037779715,0.87617457,False,low,final_refit
PRESSURIZED_CHAMBER_PRESSURE_std,0.0037235206,0.00372352,0.8798981,False,low,final_refit
MAIN_OUTER_AIR_BAG_PRESSURE_spike_count,0.00365129,0.0036512895,0.88354933,False,low,final_refit
STAGE_ROTATION_lag1_autocorr,0.00358835,0.0035883496,0.8871377,False,low,final_refit
RETAINER_RING_PRESSURE_spike_count,0.0035858802,0.0035858797,0.8907236,False,low,final_refit
HEAD_ROTATION_seg2_mean,0.003568872,0.0035688716,0.8942925,False,low,final_refit
SLURRY_FLOW_LINE_A_q75,0.0035553288,0.0035553284,0.89784783,False,low,final_refit
HEAD_ROTATION_median,0.0035509437,0.0035509432,0.9013988,False,low,final_refit
SLURRY_FLOW_LINE_C_seg2_std,0.0034927174,0.003492717,0.9048915,False,low,final_refit
RETAINER_RING_PRESSURE_seg1_mean,0.0034413596,0.0034413591,0.9083328,False,low,final_refit
SLURRY_FLOW_LINE_A_q90,0.003384846,0.0033848456,0.91171765,False,low,final_refit
SLURRY_FLOW_LINE_A_slope,0.0033778546,0.0033778541,0.9150955,False,low,final_refit
EDGE_AIR_BAG_PRESSURE_upper_tail_ratio,0.0033609695,0.003360969,0.9184565,False,low,final_refit
RETAINER_RING_PRESSURE_upper_tail_ratio,0.003353687,0.0033536865,0.9218102,False,low,final_refit
SLURRY_FLOW_LINE_B_slope,0.0033360447,0.0033360443,0.9251463,False,low,final_refit
WAFER_ROTATION_seg3_mean,0.0033073472,0.0033073467,0.9284536,False,low,final_refit
CENTER_AIR_BAG_PRESSURE_seg1_std,0.003304966,0.0033049656,0.9317586,False,low,final_refit
RIPPLE_AIR_BAG_PRESSURE_upper_tail_ratio,0.0032639136,0.003263913,0.9350225,False,low,final_refit
HEAD_ROTATION_std,0.0031933484,0.003193348,0.9382158,False,low,final_refit
PRESSURIZED_CHAMBER_PRESSURE_spike_count,0.0031861037,0.0031861032,0.9414019,False,low,final_refit
SLURRY_FLOW_LINE_C_std,0.0031470417,0.0031470412,0.94454896,False,low,final_refit
HEAD_ROTATION_seg1_mean,0.0030475864,0.003047586,0.94759655,False,low,final_refit
HEAD_ROTATION_seg3_mean,0.0029820846,0.0029820842,0.95057863,False,low,final_refit
STAGE_ROTATION_seg3_std,0.0029357616,0.0029357611,0.9535144,False,low,final_refit
STAGE_ROTATION_seg3_mean,0.0028742633,0.002874263,0.95638865,False,low,final_refit
HEAD_ROTATION_seg1_std,0.0028670367,0.0028670365,0.9592557,False,low,final_refit
WAFER_ROTATION_q75,0.0028252993,0.002825299,0.962081,False,low,final_refit
EDGE_AIR_BAG_PRESSURE_seg1_std,0.0028081795,0.0028081792,0.96488917,False,low,final_refit
PRESSURIZED_CHAMBER_PRESSURE_seg3_std,0.002767987,0.0027679869,0.96765715,False,low,final_refit
STAGE_ROTATION_seg2_std,0.0027395391,0.002739539,0.9703967,False,low,final_refit
HEAD_ROTATION_slope,0.0026659628,0.0026659626,0.97306263,False,low,final_refit
MAIN_OUTER_AIR_BAG_PRESSURE_q10,0.0026555879,0.0026555876,0.9757182,False,low,final_refit
SLURRY_FLOW_LINE_B_seg1_mean,0.0025527994,0.0025527992,0.978271,False,low,final_refit
RETAINER_RING_PRESSURE_std,0.0025058244,0.0025058242,0.98077685,False,low,final_refit
EDGE_AIR_BAG_PRESSURE_seg3_std,0.002492617,0.0024926167,0.98326945,False,low,final_refit
DRESSING_WATER_STATUS_q75,0.002481594,0.0024815938,0.98575103,False,low,final_refit
USAGE_OF_DRESSER_TABLE_delta,0.0023920445,0.0023920443,0.9881431,False,low,final_refit
SLURRY_FLOW_LINE_A_iqr,0.0023915002,0.0023915,0.9905346,False,low,final_refit
EDGE_AIR_BAG_PRESSURE_spike_count,0.0021774094,0.0021774091,0.992712,False,low,final_refit
DRESSING_WATER_STATUS_median,0.001986675,0.0019866747,0.9946987,False,low,final_refit
DRESSING_WATER_STATUS_q25,0.0017050321,0.0017050318,0.99640375,False,low,final_refit
RETAINER_RING_PRESSURE_q10,0.0016931957,0.0016931954,0.99809694,False,low,final_refit
USAGE_OF_DRESSER_delta,0.001268071,0.0012680709,0.99936503,False,low,final_refit
MACHINE_DATA_median,0.00047125792,0.00047125787,0.99983627,False,low,final_refit
DURATION_SEC,0.00015678871,0.0001567887,0.999993,False,low,final_refit
SOURCE_FILE_NUNIQUE,7.0054994e-06,7.0054984e-06,1.0,False,low,final_refit
HEAD_ROTATION_missing_ratio,0.0,0.0,1.0,False,low,final_refit
CHAMBER_missing_ratio,0.0,0.0,1.0,False,low,final_refit
CHAMBER_zero_ratio,0.0,0.0,1.0,False,low,final_refit
HEAD_ROTATION_q90,0.0,0.0,1.0,False,low,final_refit
HEAD_ROTATION_q75,0.0,0.0,1.0,False,low,final_refit
HEAD_ROTATION_valid_ratio,0.0,0.0,1.0,False,low,final_refit
HEAD_ROTATION_q25,0.0,0.0,1.0,False,low,final_refit
USAGE_OF_BACKING_FILM_valid_ratio,0.0,0.0,1.0,False,low,final_refit
USAGE_OF_BACKING_FILM_missing_ratio,0.0,0.0,1.0,False,low,final_refit
USAGE_OF_DRESSER_valid_ratio,0.0,0.0,1.0,False,low,final_refit
USAGE_OF_DRESSER_missing_ratio,0.0,0.0,1.0,False,low,final_refit
CHAMBER_valid_ratio,0.0,0.0,1.0,False,low,final_refit
MACHINE_DATA_valid_ratio,0.0,0.0,1.0,False,low,final_refit
MACHINE_DATA_zero_ratio,0.0,0.0,1.0,False,low,final_refit
MACHINE_DATA_missing_ratio,0.0,0.0,1.0,False,low,final_refit
USAGE_OF_POLISHING_TABLE_missing_ratio,0.0,0.0,1.0,False,low,final_refit
MACHINE_ID_zero_ratio,0.0,0.0,1.0,False,low,final_refit
DRESSING_WATER_STATUS_valid_ratio,0.0,0.0,1.0,False,low,final_refit
DRESSING_WATER_STATUS_missing_ratio,0.0,0.0,1.0,False,low,final_refit
MACHINE_ID_std,0.0,0.0,1.0,False,low,final_refit
EDGE_AIR_BAG_PRESSURE_valid_ratio,0.0,0.0,1.0,False,low,final_refit
EDGE_AIR_BAG_PRESSURE_missing_ratio,0.0,0.0,1.0,False,low,final_refit
MACHINE_ID_missing_ratio,0.0,0.0,1.0,False,low,final_refit
MACHINE_ID_valid_ratio,0.0,0.0,1.0,False,low,final_refit
MACHINE_ID_q75,0.0,0.0,1.0,False,low,final_refit
MACHINE_ID_q25,0.0,0.0,1.0,False,low,final_refit
MACHINE_ID_median,0.0,0.0,1.0,False,low,final_refit
USAGE_OF_POLISHING_TABLE_valid_ratio,0.0,0.0,1.0,False,low,final_refit
SLURRY_FLOW_LINE_B_missing_ratio,0.0,0.0,1.0,False,low,final_refit
SLURRY_FLOW_LINE_C_valid_ratio,0.0,0.0,1.0,False,low,final_refit
USAGE_OF_DRESSER_TABLE_missing_ratio,0.0,0.0,1.0,False,low,final_refit
SLURRY_FLOW_LINE_C_missing_ratio,0.0,0.0,1.0,False,low,final_refit
SLURRY_FLOW_LINE_C_q10,0.0,0.0,1.0,False,low,final_refit
SLURRY_FLOW_LINE_B_valid_ratio,0.0,0.0,1.0,False,low,final_refit
SLURRY_FLOW_LINE_A_seg1_median,0.0,0.0,1.0,False,low,final_refit
SLURRY_FLOW_LINE_A_missing_ratio,0.0,0.0,1.0,False,low,final_refit
SLURRY_FLOW_LINE_A_valid_ratio,0.0,0.0,1.0,False,low,final_refit
SLURRY_FLOW_LINE_A_median,0.0,0.0,1.0,False,low,final_refit
USAGE_OF_PRESSURIZED_SHEET_missing_ratio,0.0,0.0,1.0,False,low,final_refit
USAGE_OF_PRESSURIZED_SHEET_valid_ratio,0.0,0.0,1.0,False,low,final_refit
USAGE_OF_MEMBRANE_missing_ratio,0.0,0.0,1.0,False,low,final_refit
WAFER_ROTATION_median,0.0,0.0,1.0,False,low,final_refit
WAFER_ROTATION_q25,0.0,0.0,1.0,False,low,final_refit
USAGE_OF_MEMBRANE_valid_ratio,0.0,0.0,1.0,False,low,final_refit
WAFER_ROTATION_valid_ratio,0.0,0.0,1.0,False,low,final_refit
WAFER_ROTATION_missing_ratio,0.0,0.0,1.0,False,low,final_refit
RIPPLE_AIR_BAG_PRESSURE_missing_ratio,0.0,0.0,1.0,False,low,final_refit
RIPPLE_AIR_BAG_PRESSURE_valid_ratio,0.0,0.0,1.0,False,low,final_refit
RETAINER_RING_PRESSURE_missing_ratio,0.0,0.0,1.0,False,low,final_refit
RETAINER_RING_PRESSURE_valid_ratio,0.0,0.0,1.0,False,low,final_refit
CENTER_AIR_BAG_PRESSURE_missing_ratio,0.0,0.0,1.0,False,low,final_refit
CENTER_AIR_BAG_PRESSURE_valid_ratio,0.0,0.0,1.0,False,low,final_refit
MAIN_OUTER_AIR_BAG_PRESSURE_missing_ratio,0.0,0.0,1.0,False,low,final_refit
MAIN_OUTER_AIR_BAG_PRESSURE_valid_ratio,0.0,0.0,1.0,False,low,final_refit
PRESSURIZED_CHAMBER_PRESSURE_missing_ratio,0.0,0.0,1.0,False,low,final_refit
STAGE_ROTATION_q25,0.0,0.0,1.0,False,low,final_refit
PRESSURIZED_CHAMBER_PRESSURE_valid_ratio,0.0,0.0,1.0,False,low,final_refit
STAGE_ROTATION_valid_ratio,0.0,0.0,1.0,False,low,final_refit
STAGE_ROTATION_missing_ratio,0.0,0.0,1.0,False,low,final_refit
STAGE_ROTATION_q10,0.0,0.0,1.0,False,low,final_refit
USAGE_OF_DRESSER_TABLE_valid_ratio,0.0,0.0,1.0,False,low,final_refit
USAGE_OF_DRESSER_TABLE_median,0.1106901,0.11069009,0.11069009,True,high,1
USAGE_OF_BACKING_FILM_median,0.044538543,0.04453854,0.15522863,True,high,1
CENTER_AIR_BAG_PRESSURE_q90,0.035207007,0.035207003,0.19043563,True,high,1
PRESSURIZED_CHAMBER_PRESSURE_seg1_mean,0.03363516,0.033635158,0.22407079,True,high,1
EDGE_AIR_BAG_PRESSURE_q90,0.032628704,0.0326287,0.2566995,True,high,1
USAGE_OF_DRESSER_median,0.029976567,0.029976564,0.28667608,True,high,1
MAIN_OUTER_AIR_BAG_PRESSURE_seg1_mean,0.02829667,0.028296666,0.31497276,True,high,1
EDGE_AIR_BAG_PRESSURE_q75,0.024004377,0.024004374,0.33897713,True,high,1
STAGE_ROTATION_q75,0.02389841,0.023898406,0.36287552,True,high,1
SLURRY_FLOW_LINE_C_seg1_median,0.022648731,0.02264873,0.38552424,True,high,1
PRESSURIZED_CHAMBER_PRESSURE_std,0.021574896,0.021574894,0.40709913,True,high,1
EDGE_AIR_BAG_PRESSURE_upper_tail_ratio,0.0207126,0.020712597,0.4278117,True,high,1
PRESSURIZED_CHAMBER_PRESSURE_q75,0.019997882,0.01999788,0.44780958,True,high,1
SLURRY_FLOW_LINE_A_q75,0.017749857,0.017749855,0.46555942,True,high,1
EDGE_AIR_BAG_PRESSURE_seg1_mean,0.017510893,0.017510891,0.4830703,True,high,1
SLURRY_FLOW_LINE_C_seg1_std,0.017462071,0.01746207,0.5005324,True,high,1
PRESSURIZED_CHAMBER_PRESSURE_seg3_std,0.016642123,0.016642122,0.5171745,True,high,1
SLURRY_FLOW_LINE_A_seg1_median,0.01644086,0.016440859,0.53361535,True,high,1
SLURRY_FLOW_LINE_B_seg1_std,0.016027287,0.016027285,0.5496426,True,high,1
SLURRY_FLOW_LINE_A_seg1_mean,0.015354127,0.015354125,0.5649967,True,high,1
SLURRY_FLOW_LINE_C_q75,0.014886043,0.014886041,0.57988274,True,high,1
HEAD_ROTATION_slope,0.013687927,0.013687925,0.59357065,True,high,1
HEAD_ROTATION_seg2_std,0.013397803,0.013397801,0.60696846,True,high,1
STAGE_ROTATION_lag1_autocorr,0.012957285,0.012957283,0.61992574,True,high,1
WAFER_ROTATION_seg1_mean,0.012224355,0.012224353,0.6321501,True,high,1
HEAD_ROTATION_seg1_std,0.01174919,0.011749188,0.6438993,True,high,1
RETAINER_RING_PRESSURE_q75,0.011574961,0.01157496,0.6554743,True,high,1
STAGE_ROTATION_std,0.010898802,0.0108988015,0.66637313,True,high,1
WAFER_ROTATION_lag1_autocorr,0.010287099,0.010287098,0.67666024,True,high,1
CENTER_AIR_BAG_PRESSURE_q75,0.010094309,0.010094308,0.6867545,True,high,1
SLURRY_FLOW_LINE_A_iqr,0.009776708,0.009776707,0.69653124,True,high,1
MAIN_OUTER_AIR_BAG_PRESSURE_q75,0.009714138,0.009714137,0.70624536,True,high,1
DRESSING_WATER_STATUS_median,0.009428276,0.009428275,0.7156736,True,high,1
HEAD_ROTATION_seg3_mean,0.009424493,0.009424492,0.72509813,True,high,1
HEAD_ROTATION_seg2_mean,0.009375787,0.009375786,0.73447394,True,high,1
WAFER_ROTATION_seg1_std,0.009157506,0.009157505,0.7436314,True,high,1
PRESSURIZED_CHAMBER_PRESSURE_q90,0.008893035,0.008893034,0.75252444,True,high,1
SLURRY_FLOW_LINE_C_seg1_mean,0.008735192,0.008735191,0.7612596,True,high,1
RETAINER_RING_PRESSURE_q90,0.008692899,0.008692898,0.76995254,True,high,1
RETAINER_RING_PRESSURE_seg1_mean,0.008688525,0.008688524,0.77864105,True,high,1
SLURRY_FLOW_LINE_B_seg1_mean,0.008599998,0.0085999975,0.78724104,True,high,1
WAFER_ROTATION_seg2_std,0.008597307,0.008597306,0.79583836,True,high,1
STAGE_ROTATION_seg3_mean,0.008377529,0.008377528,0.8042159,True,high,1
MAIN_OUTER_AIR_BAG_PRESSURE_q90,0.008221966,0.008221965,0.8124379,False,high,1
WAFER_ROTATION_seg3_std,0.008196521,0.00819652,0.8206344,False,high,1
RIPPLE_AIR_BAG_PRESSURE_q90,0.008006042,0.008006041,0.82864046,False,high,1
SLURRY_FLOW_LINE_B_stability,0.007360595,0.007360594,0.83600104,False,high,1
HEAD_ROTATION_seg1_mean,0.0071442416,0.0071442407,0.84314525,False,high,1
RIPPLE_AIR_BAG_PRESSURE_upper_tail_ratio,0.0071224137,0.007122413,0.85026765,False,high,1
STAGE_ROTATION_slope,0.006938735,0.006938734,0.8572064,False,high,1
STAGE_ROTATION_seg1_std,0.006741989,0.006741988,0.8639484,False,high,1
PRESSURIZED_CHAMBER_PRESSURE_upper_tail_ratio,0.0064182333,0.0064182323,0.87036663,False,high,1
SLURRY_FLOW_LINE_C_std,0.0063440674,0.0063440665,0.8767107,False,high,1
SLURRY_FLOW_LINE_B_std,0.0062096925,0.0062096915,0.8829204,False,high,1
SLURRY_FLOW_LINE_C_stability,0.0062037944,0.0062037935,0.88912416,False,high,1
SLURRY_FLOW_LINE_C_iqr,0.0059178732,0.0059178723,0.895042,False,high,1
WAFER_ROTATION_std,0.005717968,0.0057179676,0.90076,False,high,1
WAFER_ROTATION_seg2_mean,0.0056513706,0.00565137,0.90641135,False,high,1
SLURRY_FLOW_LINE_B_seg2_std,0.005625382,0.0056253816,0.9120367,False,high,1
USAGE_OF_POLISHING_TABLE_median,0.005568043,0.0055680424,0.91760474,False,high,1
HEAD_ROTATION_std,0.0051998547,0.0051998543,0.9228046,False,high,1
RETAINER_RING_PRESSURE_std,0.005149305,0.0051493044,0.9279539,False,high,1
SLURRY_FLOW_LINE_A_q90,0.0050706463,0.005070646,0.9330245,False,high,1
WAFER_ROTATION_seg3_mean,0.0047706575,0.004770657,0.93779516,False,high,1
RIPPLE_AIR_BAG_PRESSURE_q75,0.0045322413,0.004532241,0.9423274,False,high,1
STAGE_ROTATION_seg2_std,0.004339014,0.0043390137,0.9466664,False,high,1
RETAINER_RING_PRESSURE_spike_count,0.0043167807,0.0043167803,0.9509832,False,high,1
SLURRY_FLOW_LINE_A_seg1_std,0.004315218,0.0043152175,0.9552984,False,high,1
USAGE_OF_DRESSER_delta,0.0041356236,0.004135623,0.95943403,False,high,1
EDGE_AIR_BAG_PRESSURE_seg3_std,0.0037870535,0.003787053,0.9632211,False,high,1
RETAINER_RING_PRESSURE_upper_tail_ratio,0.0037503575,0.003750357,0.96697146,False,high,1
SLURRY_FLOW_LINE_C_q90,0.0031723478,0.0031723473,0.9701438,False,high,1
MAIN_OUTER_AIR_BAG_PRESSURE_upper_tail_ratio,0.0031419855,0.003141985,0.9732858,False,high,1
SLURRY_FLOW_LINE_B_slope,0.0031378712,0.0031378707,0.9764237,False,high,1
SLURRY_FLOW_LINE_C_seg2_mean,0.0028181376,0.0028181374,0.97924185,False,high,1
MAIN_OUTER_AIR_BAG_PRESSURE_std,0.0025416398,0.0025416396,0.9817835,False,high,1
SLURRY_FLOW_LINE_A_slope,0.0022371125,0.0022371123,0.98402065,False,high,1
SLURRY_FLOW_LINE_C_seg2_std,0.0022085907,0.0022085905,0.98622924,False,high,1
STAGE_ROTATION_seg3_std,0.0020087825,0.0020087822,0.98823804,False,high,1
CENTER_AIR_BAG_PRESSURE_seg1_std,0.0019944927,0.0019944925,0.9902325,False,high,1
SLURRY_FLOW_LINE_A_low_flow_ratio,0.0019864326,0.0019864324,0.992219,False,high,1
SLURRY_FLOW_LINE_C_q25,0.001711706,0.0017117058,0.9939307,False,high,1
WAFER_ROTATION_slope,0.00158056,0.0015805598,0.99551123,False,high,1
STAGE_ROTATION_seg1_mean,0.0013858466,0.0013858465,0.9968971,False,high,1
PRESSURIZED_CHAMBER_PRESSURE_q10,0.0013517294,0.0013517293,0.9982488,False,high,1
PRESSURIZED_CHAMBER_PRESSURE_median,0.0010484135,0.0010484133,0.9992972,False,high,1
WAFER_ROTATION_q75,0.000702735,0.0007027349,0.99999994,False,high,1
STAGE_ROTATION_q10,0.0,0.0,0.99999994,False,high,1
EDGE_AIR_BAG_PRESSURE_missing_ratio,0.0,0.0,0.99999994,False,high,1
HEAD_ROTATION_q25,0.0,0.0,0.99999994,False,high,1
EDGE_AIR_BAG_PRESSURE_seg1_std,0.0,0.0,0.99999994,False,high,1
STAGE_ROTATION_q25,0.0,0.0,0.99999994,False,high,1
HEAD_ROTATION_valid_ratio,0.0,0.0,0.99999994,False,high,1
HEAD_ROTATION_missing_ratio,0.0,0.0,0.99999994,False,high,1
HEAD_ROTATION_q90,0.0,0.0,0.99999994,False,high,1
HEAD_ROTATION_median,0.0,0.0,0.99999994,False,high,1
WAFER_ROTATION_median,0.0,0.0,0.99999994,False,high,1
WAFER_ROTATION_q25,0.0,0.0,0.99999994,False,high,1
DRESSING_WATER_STATUS_q25,0.0,0.0,0.99999994,False,high,1
DRESSING_WATER_STATUS_missing_ratio,0.0,0.0,0.99999994,False,high,1
DRESSING_WATER_STATUS_q75,0.0,0.0,0.99999994,False,high,1
STAGE_ROTATION_valid_ratio,0.0,0.0,0.99999994,False,high,1
EDGE_AIR_BAG_PRESSURE_valid_ratio,0.0,0.0,0.99999994,False,high,1
STAGE_ROTATION_missing_ratio,0.0,0.0,0.99999994,False,high,1
STAGE_ROTATION_median,0.0,0.0,0.99999994,False,high,1
WAFER_ROTATION_missing_ratio,0.0,0.0,0.99999994,False,high,1
WAFER_ROTATION_valid_ratio,0.0,0.0,0.99999994,False,high,1
DRESSING_WATER_STATUS_valid_ratio,0.0,0.0,0.99999994,False,high,1
HEAD_ROTATION_q75,0.0,0.0,0.99999994,False,high,1
SOURCE_FILE_NUNIQUE,0.0,0.0,0.99999994,False,high,1
SLURRY_FLOW_LINE_C_q10,0.0,0.0,0.99999994,False,high,1
SLURRY_FLOW_LINE_C_missing_ratio,0.0,0.0,0.99999994,False,high,1
PRESSURIZED_CHAMBER_PRESSURE_missing_ratio,0.0,0.0,0.99999994,False,high,1
PRESSURIZED_CHAMBER_PRESSURE_valid_ratio,0.0,0.0,0.99999994,False,high,1
USAGE_OF_DRESSER_TABLE_delta,0.0,0.0,0.99999994,False,high,1
USAGE_OF_DRESSER_TABLE_missing_ratio,0.0,0.0,0.99999994,False,high,1
USAGE_OF_DRESSER_TABLE_valid_ratio,0.0,0.0,0.99999994,False,high,1
USAGE_OF_POLISHING_TABLE_missing_ratio,0.0,0.0,0.99999994,False,high,1
USAGE_OF_POLISHING_TABLE_valid_ratio,0.0,0.0,0.99999994,False,high,1
USAGE_OF_DRESSER_missing_ratio,0.0,0.0,0.99999994,False,high,1
USAGE_OF_DRESSER_valid_ratio,0.0,0.0,0.99999994,False,high,1
USAGE_OF_BACKING_FILM_missing_ratio,0.0,0.0,0.99999994,False,high,1
USAGE_OF_BACKING_FILM_valid_ratio,0.0,0.0,0.99999994,False,high,1
CHAMBER_zero_ratio,0.0,0.0,0.99999994,False,high,1
CHAMBER_missing_ratio,0.0,0.0,0.99999994,False,high,1
CHAMBER_valid_ratio,0.0,0.0,0.99999994,False,high,1
MACHINE_DATA_zero_ratio,0.0,0.0,0.99999994,False,high,1
MACHINE_DATA_missing_ratio,0.0,0.0,0.99999994,False,high,1
MACHINE_DATA_valid_ratio,0.0,0.0,0.99999994,False,high,1
MACHINE_DATA_median,0.0,0.0,0.99999994,False,high,1
MACHINE_ID_zero_ratio,0.0,0.0,0.99999994,False,high,1
MACHINE_ID_std,0.0,0.0,0.99999994,False,high,1
MACHINE_ID_missing_ratio,0.0,0.0,0.99999994,False,high,1
MACHINE_ID_valid_ratio,0.0,0.0,0.99999994,False,high,1
MACHINE_ID_q75,0.0,0.0,0.99999994,False,high,1
MACHINE_ID_q25,0.0,0.0,0.99999994,False,high,1
MACHINE_ID_median,0.0,0.0,0.99999994,False,high,1
PRESSURIZED_CHAMBER_PRESSURE_spike_count,0.0,0.0,0.99999994,False,high,1
MAIN_OUTER_AIR_BAG_PRESSURE_valid_ratio,0.0,0.0,0.99999994,False,high,1
MAIN_OUTER_AIR_BAG_PRESSURE_missing_ratio,0.0,0.0,0.99999994,False,high,1
RIPPLE_AIR_BAG_PRESSURE_spike_count,0.0,0.0,0.99999994,False,high,1
SLURRY_FLOW_LINE_C_valid_ratio,0.0,0.0,0.99999994,False,high,1
SLURRY_FLOW_LINE_B_missing_ratio,0.0,0.0,0.99999994,False,high,1
SLURRY_FLOW_LINE_B_valid_ratio,0.0,0.0,0.99999994,False,high,1
DURATION_SEC,0.0,0.0,0.99999994,False,high,1
SLURRY_FLOW_LINE_A_missing_ratio,0.0,0.0,0.99999994,False,high,1
SLURRY_FLOW_LINE_A_valid_ratio,0.0,0.0,0.99999994,False,high,1
SLURRY_FLOW_LINE_A_median,0.0,0.0,0.99999994,False,high,1
USAGE_OF_PRESSURIZED_SHEET_missing_ratio,0.0,0.0,0.99999994,False,high,1
USAGE_OF_PRESSURIZED_SHEET_valid_ratio,0.0,0.0,0.99999994,False,high,1
USAGE_OF_MEMBRANE_missing_ratio,0.0,0.0,0.99999994,False,high,1
USAGE_OF_MEMBRANE_valid_ratio,0.0,0.0,0.99999994,False,high,1
RIPPLE_AIR_BAG_PRESSURE_seg3_std,0.0,0.0,0.99999994,False,high,1
MAIN_OUTER_AIR_BAG_PRESSURE_q10,0.0,0.0,0.99999994,False,high,1
RIPPLE_AIR_BAG_PRESSURE_missing_ratio,0.0,0.0,0.99999994,False,high,1
RIPPLE_AIR_BAG_PRESSURE_valid_ratio,0.0,0.0,0.99999994,False,high,1
RETAINER_RING_PRESSURE_seg3_std,0.0,0.0,0.99999994,False,high,1
RETAINER_RING_PRESSURE_q10,0.0,0.0,0.99999994,False,high,1
RETAINER_RING_PRESSURE_missing_ratio,0.0,0.0,0.99999994,False,high,1
RETAINER_RING_PRESSURE_valid_ratio,0.0,0.0,0.99999994,False,high,1
CENTER_AIR_BAG_PRESSURE_spike_count,0.0,0.0,0.99999994,False,high,1
CENTER_AIR_BAG_PRESSURE_missing_ratio,0.0,0.0,0.99999994,False,high,1
CENTER_AIR_BAG_PRESSURE_valid_ratio,0.0,0.0,0.99999994,False,high,1
MAIN_OUTER_AIR_BAG_PRESSURE_spike_count,0.0,0.0,0.99999994,False,high,1
MAIN_OUTER_AIR_BAG_PRESSURE_seg3_std,0.0,0.0,0.99999994,False,high,1
EDGE_AIR_BAG_PRESSURE_spike_count,0.0,0.0,0.99999994,False,high,1
USAGE_OF_DRESSER_TABLE_median,0.09861269,0.09861269,0.09861269,True,high,2
EDGE_AIR_BAG_PRESSURE_q90,0.047476083,0.047476083,0.14608878,True,high,2
PRESSURIZED_CHAMBER_PRESSURE_seg1_mean,0.035217483,0.035217483,0.18130626,True,high,2
WAFER_ROTATION_seg1_mean,0.03446417,0.03446417,0.21577042,True,high,2
USAGE_OF_BACKING_FILM_median,0.03427622,0.03427622,0.25004664,True,high,2
SLURRY_FLOW_LINE_B_std,0.02668353,0.02668353,0.27673018,True,high,2
USAGE_OF_DRESSER_median,0.02570798,0.02570798,0.30243817,True,high,2
PRESSURIZED_CHAMBER_PRESSURE_q75,0.02108031,0.02108031,0.32351848,True,high,2
SLURRY_FLOW_LINE_A_seg1_mean,0.020189138,0.020189138,0.34370762,True,high,2
RETAINER_RING_PRESSURE_q75,0.019583452,0.019583452,0.36329108,True,high,2
SLURRY_FLOW_LINE_A_seg1_std,0.01766304,0.01766304,0.38095412,True,high,2
PRESSURIZED_CHAMBER_PRESSURE_q90,0.017453257,0.017453257,0.39840737,True,high,2
RIPPLE_AIR_BAG_PRESSURE_q90,0.017173696,0.017173696,0.41558108,True,high,2
EDGE_AIR_BAG_PRESSURE_q75,0.016647812,0.016647812,0.4322289,True,high,2
WAFER_ROTATION_seg1_std,0.01602366,0.01602366,0.44825256,True,high,2
EDGE_AIR_BAG_PRESSURE_seg1_mean,0.014222277,0.014222277,0.46247482,True,high,2
WAFER_ROTATION_seg3_std,0.013544895,0.013544895,0.4760197,True,high,2
HEAD_ROTATION_slope,0.013512101,0.013512101,0.48953182,True,high,2
WAFER_ROTATION_slope,0.012664517,0.012664517,0.5021963,True,high,2
STAGE_ROTATION_seg3_std,0.01259226,0.01259226,0.51478857,True,high,2
RETAINER_RING_PRESSURE_seg3_std,0.012565246,0.012565246,0.5273538,True,high,2
SLURRY_FLOW_LINE_C_iqr,0.012112602,0.012112602,0.53946644,True,high,2
SLURRY_FLOW_LINE_A_seg1_median,0.011694393,0.011694393,0.5511608,True,high,2
STAGE_ROTATION_seg2_std,0.011422022,0.011422022,0.56258285,True,high,2
WAFER_ROTATION_seg2_std,0.011381568,0.011381568,0.5739644,True,high,2
RETAINER_RING_PRESSURE_seg1_mean,0.0112841325,0.0112841325,0.58524853,True,high,2
DRESSING_WATER_STATUS_median,0.011207934,0.011207934,0.59645647,True,high,2
HEAD_ROTATION_seg2_mean,0.011099422,0.011099422,0.60755587,True,high,2
SLURRY_FLOW_LINE_C_seg1_mean,0.01105293,0.01105293,0.6186088,True,high,2
SLURRY_FLOW_LINE_C_seg2_mean,0.010975282,0.010975282,0.6295841,True,high,2
HEAD_ROTATION_seg1_std,0.010839491,0.010839491,0.64042354,True,high,2
STAGE_ROTATION_lag1_autocorr,0.010271541,0.010271541,0.6506951,True,high,2
WAFER_ROTATION_lag1_autocorr,0.009661298,0.009661298,0.6603564,True,high,2
SLURRY_FLOW_LINE_B_slope,0.009375279,0.009375279,0.6697317,True,high,2
SLURRY_FLOW_LINE_C_stability,0.009332422,0.009332422,0.6790641,True,high,2
SLURRY_FLOW_LINE_B_seg2_std,0.009331171,0.009331171,0.68839526,True,high,2
SLURRY_FLOW_LINE_C_seg2_std,0.009283107,0.009283107,0.6976784,True,high,2
WAFER_ROTATION_seg2_mean,0.009249361,0.009249361,0.7069278,True,high,2
WAFER_ROTATION_std,0.008800416,0.008800416,0.71572816,True,high,2
STAGE_ROTATION_seg3_mean,0.008733785,0.008733785,0.724462,True,high,2
HEAD_ROTATION_seg3_mean,0.008707016,0.008707016,0.73316896,True,high,2
MAIN_OUTER_AIR_BAG_PRESSURE_seg1_mean,0.0086066,0.0086066,0.7417756,True,high,2
PRESSURIZED_CHAMBER_PRESSURE_seg3_std,0.0083820075,0.0083820075,0.7501576,True,high,2
SLURRY_FLOW_LINE_B_seg1_std,0.008315182,0.008315182,0.7584728,True,high,2
HEAD_ROTATION_seg2_std,0.0082862945,0.0082862945,0.7667591,True,high,2
SLURRY_FLOW_LINE_C_std,0.0081107775,0.0081107775,0.77486986,True,high,2
CENTER_AIR_BAG_PRESSURE_q75,0.007959791,0.007959791,0.78282964,True,high,2
PRESSURIZED_CHAMBER_PRESSURE_std,0.007801394,0.007801394,0.79063106,True,high,2
HEAD_ROTATION_seg1_mean,0.007722443,0.007722443,0.7983535,True,high,2
STAGE_ROTATION_q75,0.0076666255,0.0076666255,0.80602014,True,high,2
CENTER_AIR_BAG_PRESSURE_seg1_std,0.0075924518,0.0075924518,0.8136126,False,high,2
WAFER_ROTATION_seg3_mean,0.007590944,0.007590944,0.82120353,False,high,2
PRESSURIZED_CHAMBER_PRESSURE_median,0.007428236,0.007428236,0.82863176,False,high,2
WAFER_ROTATION_q75,0.007256171,0.007256171,0.8358879,False,high,2
SLURRY_FLOW_LINE_C_q90,0.0070884884,0.0070884884,0.8429764,False,high,2
SLURRY_FLOW_LINE_B_seg1_mean,0.0070034117,0.0070034117,0.8499798,False,high,2
MAIN_OUTER_AIR_BAG_PRESSURE_spike_count,0.006886677,0.006886677,0.8568665,False,high,2
SLURRY_FLOW_LINE_A_q90,0.0068357843,0.0068357843,0.86370224,False,high,2
STAGE_ROTATION_std,0.00683008,0.00683008,0.87053233,False,high,2
SLURRY_FLOW_LINE_A_low_flow_ratio,0.006780314,0.006780314,0.87731266,False,high,2
MAIN_OUTER_AIR_BAG_PRESSURE_q90,0.006387648,0.006387648,0.8837003,False,high,2
USAGE_OF_POLISHING_TABLE_median,0.0062256097,0.0062256097,0.8899259,False,high,2
CENTER_AIR_BAG_PRESSURE_q90,0.00619509,0.00619509,0.89612097,False,high,2
SLURRY_FLOW_LINE_B_stability,0.0061174016,0.0061174016,0.90223837,False,high,2
RETAINER_RING_PRESSURE_upper_tail_ratio,0.0060469187,0.0060469187,0.90828526,False,high,2
RETAINER_RING_PRESSURE_q90,0.006005752,0.006005752,0.914291,False,high,2
SLURRY_FLOW_LINE_C_seg1_median,0.0058399756,0.0058399756,0.920131,False,high,2
RETAINER_RING_PRESSURE_std,0.0049124355,0.0049124355,0.92504346,False,high,2
EDGE_AIR_BAG_PRESSURE_seg3_std,0.0047807232,0.0047807232,0.9298242,False,high,2
EDGE_AIR_BAG_PRESSURE_upper_tail_ratio,0.004726568,0.004726568,0.93455076,False,high,2
RIPPLE_AIR_BAG_PRESSURE_q75,0.0046377494,0.0046377494,0.93918854,False,high,2
SLURRY_FLOW_LINE_C_seg1_std,0.0046161246,0.0046161246,0.9438047,False,high,2
HEAD_ROTATION_std,0.004612946,0.004612946,0.9484176,False,high,2
MAIN_OUTER_AIR_BAG_PRESSURE_q75,0.004547136,0.004547136,0.9529647,False,high,2
MAIN_OUTER_AIR_BAG_PRESSURE_upper_tail_ratio,0.0044820765,0.0044820765,0.9574468,False,high,2
MAIN_OUTER_AIR_BAG_PRESSURE_std,0.004338389,0.004338389,0.9617852,False,high,2
SLURRY_FLOW_LINE_C_q75,0.004277385,0.004277385,0.9660626,False,high,2
PRESSURIZED_CHAMBER_PRESSURE_spike_count,0.0042730332,0.0042730332,0.97033566,False,high,2
STAGE_ROTATION_slope,0.0042124367,0.0042124367,0.9745481,False,high,2
RIPPLE_AIR_BAG_PRESSURE_upper_tail_ratio,0.0040537175,0.0040537175,0.9786018,False,high,2
PRESSURIZED_CHAMBER_PRESSURE_upper_tail_ratio,0.0036581527,0.0036581527,0.98226,False,high,2
HEAD_ROTATION_median,0.0036554309,0.0036554309,0.9859154,False,high,2
USAGE_OF_DRESSER_delta,0.0035067145,0.0035067145,0.98942214,False,high,2
SLURRY_FLOW_LINE_A_slope,0.0027050143,0.0027050143,0.9921272,False,high,2
MAIN_OUTER_AIR_BAG_PRESSURE_seg3_std,0.0026868945,0.0026868945,0.9948141,False,high,2
RETAINER_RING_PRESSURE_spike_count,0.0020328143,0.0020328143,0.9968469,False,high,2
RIPPLE_AIR_BAG_PRESSURE_spike_count,0.0019541387,0.0019541387,0.99880105,False,high,2
MACHINE_DATA_median,0.0011990815,0.0011990815,1.0000001,False,high,2
WAFER_ROTATION_missing_ratio,0.0,0.0,1.0000001,False,high,2
WAFER_ROTATION_valid_ratio,0.0,0.0,1.0000001,False,high,2
DRESSING_WATER_STATUS_missing_ratio,0.0,0.0,1.0000001,False,high,2
EDGE_AIR_BAG_PRESSURE_missing_ratio,0.0,0.0,1.0000001,False,high,2
EDGE_AIR_BAG_PRESSURE_seg1_std,0.0,0.0,1.0000001,False,high,2
EDGE_AIR_BAG_PRESSURE_valid_ratio,0.0,0.0,1.0000001,False,high,2
HEAD_ROTATION_valid_ratio,0.0,0.0,1.0000001,False,high,2
DRESSING_WATER_STATUS_valid_ratio,0.0,0.0,1.0000001,False,high,2
DRESSING_WATER_STATUS_q75,0.0,0.0,1.0000001,False,high,2
DRESSING_WATER_STATUS_q25,0.0,0.0,1.0000001,False,high,2
HEAD_ROTATION_q90,0.0,0.0,1.0000001,False,high,2
HEAD_ROTATION_missing_ratio,0.0,0.0,1.0000001,False,high,2
HEAD_ROTATION_q75,0.0,0.0,1.0000001,False,high,2
HEAD_ROTATION_q25,0.0,0.0,1.0000001,False,high,2
STAGE_ROTATION_median,0.0,0.0,1.0000001,False,high,2
STAGE_ROTATION_q25,0.0,0.0,1.0000001,False,high,2
STAGE_ROTATION_valid_ratio,0.0,0.0,1.0000001,False,high,2
STAGE_ROTATION_missing_ratio,0.0,0.0,1.0000001,False,high,2
STAGE_ROTATION_q10,0.0,0.0,1.0000001,False,high,2
STAGE_ROTATION_seg1_mean,0.0,0.0,1.0000001,False,high,2
WAFER_ROTATION_q25,0.0,0.0,1.0000001,False,high,2
STAGE_ROTATION_seg1_std,0.0,0.0,1.0000001,False,high,2
SOURCE_FILE_NUNIQUE,0.0,0.0,1.0000001,False,high,2
SLURRY_FLOW_LINE_A_iqr,0.0,0.0,1.0000001,False,high,2
WAFER_ROTATION_median,0.0,0.0,1.0000001,False,high,2
CHAMBER_zero_ratio,0.0,0.0,1.0000001,False,high,2
PRESSURIZED_CHAMBER_PRESSURE_missing_ratio,0.0,0.0,1.0000001,False,high,2
PRESSURIZED_CHAMBER_PRESSURE_valid_ratio,0.0,0.0,1.0000001,False,high,2
USAGE_OF_DRESSER_TABLE_delta,0.0,0.0,1.0000001,False,high,2
USAGE_OF_DRESSER_TABLE_missing_ratio,0.0,0.0,1.0000001,False,high,2
USAGE_OF_DRESSER_TABLE_valid_ratio,0.0,0.0,1.0000001,False,high,2
USAGE_OF_POLISHING_TABLE_missing_ratio,0.0,0.0,1.0000001,False,high,2
USAGE_OF_POLISHING_TABLE_valid_ratio,0.0,0.0,1.0000001,False,high,2
USAGE_OF_DRESSER_missing_ratio,0.0,0.0,1.0000001,False,high,2
USAGE_OF_DRESSER_valid_ratio,0.0,0.0,1.0000001,False,high,2
USAGE_OF_BACKING_FILM_missing_ratio,0.0,0.0,1.0000001,False,high,2
USAGE_OF_BACKING_FILM_valid_ratio,0.0,0.0,1.0000001,False,high,2
CHAMBER_missing_ratio,0.0,0.0,1.0000001,False,high,2
SLURRY_FLOW_LINE_C_q10,0.0,0.0,1.0000001,False,high,2
CHAMBER_valid_ratio,0.0,0.0,1.0000001,False,high,2
MACHINE_DATA_zero_ratio,0.0,0.0,1.0000001,False,high,2
MACHINE_DATA_missing_ratio,0.0,0.0,1.0000001,False,high,2
MACHINE_DATA_valid_ratio,0.0,0.0,1.0000001,False,high,2
MACHINE_ID_zero_ratio,0.0,0.0,1.0000001,False,high,2
MACHINE_ID_std,0.0,0.0,1.0000001,False,high,2
MACHINE_ID_missing_ratio,0.0,0.0,1.0000001,False,high,2
MACHINE_ID_valid_ratio,0.0,0.0,1.0000001,False,high,2
MACHINE_ID_q75,0.0,0.0,1.0000001,False,high,2
MACHINE_ID_q25,0.0,0.0,1.0000001,False,high,2
MACHINE_ID_median,0.0,0.0,1.0000001,False,high,2
PRESSURIZED_CHAMBER_PRESSURE_q10,0.0,0.0,1.0000001,False,high,2
MAIN_OUTER_AIR_BAG_PRESSURE_valid_ratio,0.0,0.0,1.0000001,False,high,2
MAIN_OUTER_AIR_BAG_PRESSURE_missing_ratio,0.0,0.0,1.0000001,False,high,2
MAIN_OUTER_AIR_BAG_PRESSURE_q10,0.0,0.0,1.0000001,False,high,2
SLURRY_FLOW_LINE_C_missing_ratio,0.0,0.0,1.0000001,False,high,2
SLURRY_FLOW_LINE_C_valid_ratio,0.0,0.0,1.0000001,False,high,2
SLURRY_FLOW_LINE_C_q25,0.0,0.0,1.0000001,False,high,2
SLURRY_FLOW_LINE_B_missing_ratio,0.0,0.0,1.0000001,False,high,2
SLURRY_FLOW_LINE_B_valid_ratio,0.0,0.0,1.0000001,False,high,2
DURATION_SEC,0.0,0.0,1.0000001,False,high,2
SLURRY_FLOW_LINE_A_missing_ratio,0.0,0.0,1.0000001,False,high,2
SLURRY_FLOW_LINE_A_valid_ratio,0.0,0.0,1.0000001,False,high,2
SLURRY_FLOW_LINE_A_q75,0.0,0.0,1.0000001,False,high,2
SLURRY_FLOW_LINE_A_median,0.0,0.0,1.0000001,False,high,2
USAGE_OF_PRESSURIZED_SHEET_missing_ratio,0.0,0.0,1.0000001,False,high,2
USAGE_OF_PRESSURIZED_SHEET_valid_ratio,0.0,0.0,1.0000001,False,high,2
USAGE_OF_MEMBRANE_missing_ratio,0.0,0.0,1.0000001,False,high,2
USAGE_OF_MEMBRANE_valid_ratio,0.0,0.0,1.0000001,False,high,2
RIPPLE_AIR_BAG_PRESSURE_seg3_std,0.0,0.0,1.0000001,False,high,2
RIPPLE_AIR_BAG_PRESSURE_missing_ratio,0.0,0.0,1.0000001,False,high,2
RIPPLE_AIR_BAG_PRESSURE_valid_ratio,0.0,0.0,1.0000001,False,high,2
RETAINER_RING_PRESSURE_q10,0.0,0.0,1.0000001,False,high,2
RETAINER_RING_PRESSURE_missing_ratio,0.0,0.0,1.0000001,False,high,2
RETAINER_RING_PRESSURE_valid_ratio,0.0,0.0,1.0000001,False,high,2
CENTER_AIR_BAG_PRESSURE_spike_count,0.0,0.0,1.0000001,False,high,2
CENTER_AIR_BAG_PRESSURE_missing_ratio,0.0,0.0,1.0000001,False,high,2
CENTER_AIR_BAG_PRESSURE_valid_ratio,0.0,0.0,1.0000001,False,high,2
EDGE_AIR_BAG_PRESSURE_spike_count,0.0,0.0,1.0000001,False,high,2
RETAINER_RING_PRESSURE_q75,0.05383742,0.05383741,0.05383741,True,high,3
SLURRY_FLOW_LINE_B_seg2_std,0.03505201,0.035052005,0.08888942,True,high,3
WAFER_ROTATION_seg1_std,0.033018246,0.033018243,0.12190767,True,high,3
USAGE_OF_DRESSER_TABLE_median,0.029132769,0.029132765,0.15104043,True,high,3
PRESSURIZED_CHAMBER_PRESSURE_q90,0.027469609,0.027469605,0.17851004,True,high,3
DRESSING_WATER_STATUS_median,0.026519855,0.026519852,0.20502989,True,high,3
PRESSURIZED_CHAMBER_PRESSURE_seg3_std,0.026233386,0.026233383,0.23126328,True,high,3
CENTER_AIR_BAG_PRESSURE_q75,0.025742525,0.025742522,0.2570058,True,high,3
SLURRY_FLOW_LINE_B_std,0.022422506,0.022422504,0.2794283,True,high,3
SLURRY_FLOW_LINE_A_q90,0.021545405,0.021545403,0.3009737,True,high,3
RETAINER_RING_PRESSURE_q90,0.021197762,0.02119776,0.32217148,True,high,3
USAGE_OF_DRESSER_median,0.020703442,0.02070344,0.3428749,True,high,3
STAGE_ROTATION_lag1_autocorr,0.019999353,0.019999351,0.36287427,True,high,3
CENTER_AIR_BAG_PRESSURE_seg1_std,0.019922934,0.019922933,0.3827972,True,high,3
SLURRY_FLOW_LINE_A_iqr,0.018779222,0.01877922,0.40157643,True,high,3
STAGE_ROTATION_seg3_std,0.018303117,0.018303115,0.41987956,True,high,3
WAFER_ROTATION_q75,0.018302014,0.018302012,0.43818158,True,high,3
WAFER_ROTATION_seg1_mean,0.018045744,0.018045742,0.45622733,True,high,3
PRESSURIZED_CHAMBER_PRESSURE_q75,0.01661169,0.016611688,0.47283903,True,high,3
SLURRY_FLOW_LINE_C_seg2_std,0.016252188,0.016252186,0.48909122,True,high,3
EDGE_AIR_BAG_PRESSURE_q90,0.015936365,0.015936363,0.5050276,True,high,3
SLURRY_FLOW_LINE_C_stability,0.015236853,0.015236851,0.52026445,True,high,3
RIPPLE_AIR_BAG_PRESSURE_q75,0.014401104,0.014401102,0.5346655,True,high,3
SLURRY_FLOW_LINE_A_seg1_mean,0.014159167,0.014159165,0.54882467,True,high,3
SLURRY_FLOW_LINE_C_seg1_std,0.013505379,0.013505377,0.56233007,True,high,3
WAFER_ROTATION_slope,0.013116806,0.013116804,0.57544684,True,high,3
MAIN_OUTER_AIR_BAG_PRESSURE_q75,0.013036961,0.013036959,0.5884838,True,high,3
MAIN_OUTER_AIR_BAG_PRESSURE_upper_tail_ratio,0.012577472,0.01257747,0.6010613,True,high,3
MAIN_OUTER_AIR_BAG_PRESSURE_q90,0.012201058,0.012201056,0.61326236,True,high,3
RIPPLE_AIR_BAG_PRESSURE_q90,0.012038312,0.01203831,0.62530065,True,high,3
HEAD_ROTATION_median,0.011758255,0.011758253,0.6370589,True,high,3
USAGE_OF_BACKING_FILM_median,0.011659999,0.011659998,0.6487189,True,high,3
EDGE_AIR_BAG_PRESSURE_seg3_std,0.011641165,0.011641164,0.66036004,True,high,3
HEAD_ROTATION_seg1_mean,0.011609237,0.011609236,0.6719693,True,high,3
SLURRY_FLOW_LINE_B_slope,0.011499472,0.011499471,0.68346876,True,high,3
STAGE_ROTATION_seg2_std,0.0113927955,0.011392795,0.69486153,True,high,3
PRESSURIZED_CHAMBER_PRESSURE_seg1_mean,0.011387285,0.011387284,0.7062488,True,high,3
HEAD_ROTATION_seg2_std,0.011198292,0.011198291,0.7174471,True,high,3
STAGE_ROTATION_slope,0.010850675,0.0108506745,0.72829777,True,high,3
SLURRY_FLOW_LINE_C_q90,0.010833992,0.010833991,0.73913175,True,high,3
WAFER_ROTATION_std,0.010702658,0.0107026575,0.7498344,True,high,3
SLURRY_FLOW_LINE_B_stability,0.01044681,0.010446809,0.7602812,True,high,3
EDGE_AIR_BAG_PRESSURE_seg1_std,0.010198766,0.010198765,0.77048,True,high,3
SLURRY_FLOW_LINE_C_std,0.0097263,0.009726299,0.78020626,True,high,3
CENTER_AIR_BAG_PRESSURE_q90,0.009566927,0.009566926,0.78977317,True,high,3
SLURRY_FLOW_LINE_A_q75,0.009400862,0.009400861,0.799174,True,high,3
WAFER_ROTATION_seg2_mean,0.0093435515,0.009343551,0.8085176,True,high,3
HEAD_ROTATION_slope,0.009021618,0.0090216175,0.8175392,False,high,3
STAGE_ROTATION_std,0.008629049,0.008629048,0.82616824,False,high,3
RETAINER_RING_PRESSURE_seg1_mean,0.008258489,0.008258488,0.8344267,False,high,3
SLURRY_FLOW_LINE_C_seg1_mean,0.008122062,0.008122061,0.8425488,False,high,3
MAIN_OUTER_AIR_BAG_PRESSURE_seg1_mean,0.007790468,0.0077904672,0.85033923,False,high,3
WAFER_ROTATION_seg3_std,0.0076677906,0.0076677897,0.858007,False,high,3
USAGE_OF_POLISHING_TABLE_median,0.007492417,0.007492416,0.86549944,False,high,3
HEAD_ROTATION_seg3_mean,0.0074576335,0.0074576326,0.87295705,False,high,3
EDGE_AIR_BAG_PRESSURE_seg1_mean,0.0074465154,0.0074465144,0.8804036,False,high,3
HEAD_ROTATION_std,0.0074347924,0.0074347914,0.88783836,False,high,3
WAFER_ROTATION_lag1_autocorr,0.007377408,0.007377407,0.89521575,False,high,3
SLURRY_FLOW_LINE_A_seg1_median,0.0070644193,0.0070644184,0.90228015,False,high,3
HEAD_ROTATION_seg2_mean,0.00688743,0.006887429,0.9091676,False,high,3
HEAD_ROTATION_seg1_std,0.0062472904,0.0062472895,0.91541487,False,high,3
WAFER_ROTATION_seg3_mean,0.0055983984,0.005598398,0.9210133,False,high,3
MAIN_OUTER_AIR_BAG_PRESSURE_seg3_std,0.005134808,0.0051348074,0.9261481,False,high,3
SLURRY_FLOW_LINE_A_seg1_std,0.0049989503,0.00499895,0.93114704,False,high,3
SLURRY_FLOW_LINE_C_seg1_median,0.0045766872,0.004576687,0.9357237,False,high,3
RIPPLE_AIR_BAG_PRESSURE_spike_count,0.0044279583,0.004427958,0.9401517,False,high,3
SLURRY_FLOW_LINE_C_q75,0.0043804874,0.004380487,0.94453216,False,high,3
SLURRY_FLOW_LINE_A_low_flow_ratio,0.004197336,0.0041973353,0.9487295,False,high,3
EDGE_AIR_BAG_PRESSURE_upper_tail_ratio,0.0041318163,0.004131816,0.9528613,False,high,3
WAFER_ROTATION_seg2_std,0.0040110955,0.004011095,0.9568724,False,high,3
EDGE_AIR_BAG_PRESSURE_q75,0.0039001058,0.0039001054,0.9607725,False,high,3
RETAINER_RING_PRESSURE_upper_tail_ratio,0.0038515134,0.003851513,0.96462405,False,high,3
RIPPLE_AIR_BAG_PRESSURE_upper_tail_ratio,0.003831701,0.0038317004,0.96845573,False,high,3
STAGE_ROTATION_seg1_mean,0.0038143396,0.0038143392,0.9722701,False,high,3
SLURRY_FLOW_LINE_B_seg1_mean,0.0036238367,0.0036238362,0.9758939,False,high,3
STAGE_ROTATION_q75,0.003572631,0.0035726305,0.97946656,False,high,3
STAGE_ROTATION_seg3_mean,0.0032491323,0.0032491318,0.98271567,False,high,3
STAGE_ROTATION_seg1_std,0.0031722158,0.0031722153,0.9858879,False,high,3
RIPPLE_AIR_BAG_PRESSURE_seg3_std,0.0027589174,0.0027589172,0.9886468,False,high,3
SLURRY_FLOW_LINE_A_slope,0.0022819676,0.0022819673,0.99092877,False,high,3
PRESSURIZED_CHAMBER_PRESSURE_std,0.002239234,0.0022392338,0.993168,False,high,3
PRESSURIZED_CHAMBER_PRESSURE_upper_tail_ratio,0.0022190497,0.0022190495,0.995387,False,high,3
SLURRY_FLOW_LINE_C_seg2_mean,0.0019102497,0.0019102495,0.9972973,False,high,3
PRESSURIZED_CHAMBER_PRESSURE_median,0.00095845194,0.0009584518,0.9982557,False,high,3
USAGE_OF_DRESSER_delta,0.0008621071,0.000862107,0.99911785,False,high,3
DURATION_SEC,0.000667703,0.00066770293,0.99978554,False,high,3
PRESSURIZED_CHAMBER_PRESSURE_q10,0.0002142829,0.00021428287,0.9999998,False,high,3
STAGE_ROTATION_missing_ratio,0.0,0.0,0.9999998,False,high,3
HEAD_ROTATION_q75,0.0,0.0,0.9999998,False,high,3
WAFER_ROTATION_median,0.0,0.0,0.9999998,False,high,3
HEAD_ROTATION_valid_ratio,0.0,0.0,0.9999998,False,high,3
STAGE_ROTATION_valid_ratio,0.0,0.0,0.9999998,False,high,3
WAFER_ROTATION_q25,0.0,0.0,0.9999998,False,high,3
HEAD_ROTATION_missing_ratio,0.0,0.0,0.9999998,False,high,3
HEAD_ROTATION_q90,0.0,0.0,0.9999998,False,high,3
WAFER_ROTATION_missing_ratio,0.0,0.0,0.9999998,False,high,3
HEAD_ROTATION_q25,0.0,0.0,0.9999998,False,high,3
EDGE_AIR_BAG_PRESSURE_missing_ratio,0.0,0.0,0.9999998,False,high,3
WAFER_ROTATION_valid_ratio,0.0,0.0,0.9999998,False,high,3
DRESSING_WATER_STATUS_q25,0.0,0.0,0.9999998,False,high,3
STAGE_ROTATION_q25,0.0,0.0,0.9999998,False,high,3
EDGE_AIR_BAG_PRESSURE_valid_ratio,0.0,0.0,0.9999998,False,high,3
STAGE_ROTATION_q10,0.0,0.0,0.9999998,False,high,3
DRESSING_WATER_STATUS_missing_ratio,0.0,0.0,0.9999998,False,high,3
DRESSING_WATER_STATUS_valid_ratio,0.0,0.0,0.9999998,False,high,3
DRESSING_WATER_STATUS_q75,0.0,0.0,0.9999998,False,high,3
STAGE_ROTATION_median,0.0,0.0,0.9999998,False,high,3
SOURCE_FILE_NUNIQUE,0.0,0.0,0.9999998,False,high,3
SLURRY_FLOW_LINE_C_iqr,0.0,0.0,0.9999998,False,high,3
CHAMBER_zero_ratio,0.0,0.0,0.9999998,False,high,3
PRESSURIZED_CHAMBER_PRESSURE_spike_count,0.0,0.0,0.9999998,False,high,3
PRESSURIZED_CHAMBER_PRESSURE_missing_ratio,0.0,0.0,0.9999998,False,high,3
PRESSURIZED_CHAMBER_PRESSURE_valid_ratio,0.0,0.0,0.9999998,False,high,3
USAGE_OF_DRESSER_TABLE_delta,0.0,0.0,0.9999998,False,high,3
USAGE_OF_DRESSER_TABLE_missing_ratio,0.0,0.0,0.9999998,False,high,3
USAGE_OF_DRESSER_TABLE_valid_ratio,0.0,0.0,0.9999998,False,high,3
USAGE_OF_POLISHING_TABLE_missing_ratio,0.0,0.0,0.9999998,False,high,3
USAGE_OF_POLISHING_TABLE_valid_ratio,0.0,0.0,0.9999998,False,high,3
USAGE_OF_DRESSER_missing_ratio,0.0,0.0,0.9999998,False,high,3
USAGE_OF_DRESSER_valid_ratio,0.0,0.0,0.9999998,False,high,3
USAGE_OF_BACKING_FILM_missing_ratio,0.0,0.0,0.9999998,False,high,3
USAGE_OF_BACKING_FILM_valid_ratio,0.0,0.0,0.9999998,False,high,3
CHAMBER_missing_ratio,0.0,0.0,0.9999998,False,high,3
SLURRY_FLOW_LINE_C_q10,0.0,0.0,0.9999998,False,high,3
CHAMBER_valid_ratio,0.0,0.0,0.9999998,False,high,3
MACHINE_DATA_zero_ratio,0.0,0.0,0.9999998,False,high,3
MACHINE_DATA_missing_ratio,0.0,0.0,0.9999998,False,high,3
MACHINE_DATA_valid_ratio,0.0,0.0,0.9999998,False,high,3
MACHINE_DATA_median,0.0,0.0,0.9999998,False,high,3
MACHINE_ID_zero_ratio,0.0,0.0,0.9999998,False,high,3
MACHINE_ID_std,0.0,0.0,0.9999998,False,high,3
MACHINE_ID_missing_ratio,0.0,0.0,0.9999998,False,high,3
MACHINE_ID_valid_ratio,0.0,0.0,0.9999998,False,high,3
MACHINE_ID_q75,0.0,0.0,0.9999998,False,high,3
MACHINE_ID_q25,0.0,0.0,0.9999998,False,high,3
MACHINE_ID_median,0.0,0.0,0.9999998,False,high,3
MAIN_OUTER_AIR_BAG_PRESSURE_valid_ratio,0.0,0.0,0.9999998,False,high,3
MAIN_OUTER_AIR_BAG_PRESSURE_missing_ratio,0.0,0.0,0.9999998,False,high,3
MAIN_OUTER_AIR_BAG_PRESSURE_q10,0.0,0.0,0.9999998,False,high,3
MAIN_OUTER_AIR_BAG_PRESSURE_std,0.0,0.0,0.9999998,False,high,3
SLURRY_FLOW_LINE_C_missing_ratio,0.0,0.0,0.9999998,False,high,3
SLURRY_FLOW_LINE_C_valid_ratio,0.0,0.0,0.9999998,False,high,3
SLURRY_FLOW_LINE_C_q25,0.0,0.0,0.9999998,False,high,3
SLURRY_FLOW_LINE_B_seg1_std,0.0,0.0,0.9999998,False,high,3
SLURRY_FLOW_LINE_B_missing_ratio,0.0,0.0,0.9999998,False,high,3
SLURRY_FLOW_LINE_B_valid_ratio,0.0,0.0,0.9999998,False,high,3
SLURRY_FLOW_LINE_A_missing_ratio,0.0,0.0,0.9999998,False,high,3
SLURRY_FLOW_LINE_A_valid_ratio,0.0,0.0,0.9999998,False,high,3
SLURRY_FLOW_LINE_A_median,0.0,0.0,0.9999998,False,high,3
USAGE_OF_PRESSURIZED_SHEET_missing_ratio,0.0,0.0,0.9999998,False,high,3
USAGE_OF_PRESSURIZED_SHEET_valid_ratio,0.0,0.0,0.9999998,False,high,3
USAGE_OF_MEMBRANE_missing_ratio,0.0,0.0,0.9999998,False,high,3
USAGE_OF_MEMBRANE_valid_ratio,0.0,0.0,0.9999998,False,high,3
RIPPLE_AIR_BAG_PRESSURE_missing_ratio,0.0,0.0,0.9999998,False,high,3
RIPPLE_AIR_BAG_PRESSURE_valid_ratio,0.0,0.0,0.9999998,False,high,3
RETAINER_RING_PRESSURE_spike_count,0.0,0.0,0.9999998,False,high,3
RETAINER_RING_PRESSURE_seg3_std,0.0,0.0,0.9999998,False,high,3
RETAINER_RING_PRESSURE_std,0.0,0.0,0.9999998,False,high,3
RETAINER_RING_PRESSURE_q10,0.0,0.0,0.9999998,False,high,3
RETAINER_RING_PRESSURE_missing_ratio,0.0,0.0,0.9999998,False,high,3
RETAINER_RING_PRESSURE_valid_ratio,0.0,0.0,0.9999998,False,high,3
CENTER_AIR_BAG_PRESSURE_spike_count,0.0,0.0,0.9999998,False,high,3
CENTER_AIR_BAG_PRESSURE_missing_ratio,0.0,0.0,0.9999998,False,high,3
CENTER_AIR_BAG_PRESSURE_valid_ratio,0.0,0.0,0.9999998,False,high,3
MAIN_OUTER_AIR_BAG_PRESSURE_spike_count,0.0,0.0,0.9999998,False,high,3
EDGE_AIR_BAG_PRESSURE_spike_count,0.0,0.0,0.9999998,False,high,3
USAGE_OF_DRESSER_TABLE_median,0.107333235,0.10733324,0.10733324,True,high,4
RETAINER_RING_PRESSURE_spike_count,0.04582837,0.045828372,0.15316162,True,high,4
STAGE_ROTATION_seg2_std,0.044050347,0.04405035,0.19721197,True,high,4
SLURRY_FLOW_LINE_C_std,0.030522007,0.03052201,0.22773397,True,high,4
WAFER_ROTATION_seg1_std,0.030230943,0.030230945,0.2579649,True,high,4
USAGE_OF_BACKING_FILM_median,0.022217253,0.022217255,0.28018215,True,high,4
SLURRY_FLOW_LINE_B_std,0.022010611,0.022010613,0.30219278,True,high,4
USAGE_OF_DRESSER_median,0.021288542,0.021288544,0.32348132,True,high,4
SLURRY_FLOW_LINE_C_seg1_mean,0.02073908,0.020739082,0.3442204,True,high,4
PRESSURIZED_CHAMBER_PRESSURE_median,0.018663319,0.01866332,0.36288372,True,high,4
PRESSURIZED_CHAMBER_PRESSURE_spike_count,0.017641926,0.017641928,0.38052565,True,high,4
RIPPLE_AIR_BAG_PRESSURE_spike_count,0.017536089,0.01753609,0.39806175,True,high,4
WAFER_ROTATION_seg2_mean,0.016655121,0.016655123,0.41471687,True,high,4
SLURRY_FLOW_LINE_C_stability,0.016224543,0.016224544,0.4309414,True,high,4
PRESSURIZED_CHAMBER_PRESSURE_q90,0.016171608,0.01617161,0.447113,True,high,4
CENTER_AIR_BAG_PRESSURE_q90,0.016120669,0.01612067,0.46323368,True,high,4
SLURRY_FLOW_LINE_C_q90,0.015526166,0.015526167,0.47875986,True,high,4
CENTER_AIR_BAG_PRESSURE_seg1_std,0.0152519215,0.015251922,0.4940118,True,high,4
WAFER_ROTATION_seg2_std,0.0149571635,0.014957164,0.50896895,True,high,4
MAIN_OUTER_AIR_BAG_PRESSURE_q75,0.014888189,0.01488819,0.5238571,True,high,4
RETAINER_RING_PRESSURE_q75,0.013945771,0.013945772,0.5378029,True,high,4
RIPPLE_AIR_BAG_PRESSURE_q75,0.013581248,0.013581249,0.55138415,True,high,4
PRESSURIZED_CHAMBER_PRESSURE_q75,0.0134411445,0.013441145,0.5648253,True,high,4
SLURRY_FLOW_LINE_B_seg2_std,0.013360306,0.013360307,0.5781856,True,high,4
MAIN_OUTER_AIR_BAG_PRESSURE_q90,0.013278084,0.013278085,0.5914637,True,high,4
EDGE_AIR_BAG_PRESSURE_q75,0.0116344355,0.011634436,0.6030981,True,high,4
SLURRY_FLOW_LINE_C_q75,0.011551686,0.011551687,0.6146498,True,high,4
RIPPLE_AIR_BAG_PRESSURE_q90,0.011484762,0.011484763,0.6261345,True,high,4
WAFER_ROTATION_seg1_mean,0.011371645,0.011371646,0.6375062,True,high,4
HEAD_ROTATION_median,0.010745697,0.010745698,0.6482519,True,high,4
SLURRY_FLOW_LINE_A_q75,0.010408168,0.010408169,0.65866005,True,high,4
HEAD_ROTATION_seg3_mean,0.0102815805,0.010281581,0.6689416,True,high,4
WAFER_ROTATION_q75,0.01017899,0.010178991,0.6791206,True,high,4
CENTER_AIR_BAG_PRESSURE_q75,0.00984473,0.009844731,0.6889653,True,high,4
MAIN_OUTER_AIR_BAG_PRESSURE_seg1_mean,0.009568703,0.009568704,0.698534,True,high,4
EDGE_AIR_BAG_PRESSURE_seg1_mean,0.009406727,0.009406728,0.70794076,True,high,4
HEAD_ROTATION_std,0.008901595,0.008901596,0.71684235,True,high,4
PRESSURIZED_CHAMBER_PRESSURE_std,0.008201332,0.008201333,0.7250437,True,high,4
HEAD_ROTATION_seg2_std,0.008161858,0.008161859,0.73320556,True,high,4
SLURRY_FLOW_LINE_B_slope,0.008129094,0.008129095,0.7413347,True,high,4
WAFER_ROTATION_lag1_autocorr,0.0081042815,0.008104282,0.74943894,True,high,4
WAFER_ROTATION_std,0.008031702,0.008031703,0.75747067,True,high,4
PRESSURIZED_CHAMBER_PRESSURE_seg1_mean,0.008025126,0.0080251265,0.7654958,True,high,4
HEAD_ROTATION_seg1_std,0.007818057,0.007818058,0.7733138,True,high,4
RETAINER_RING_PRESSURE_upper_tail_ratio,0.007752747,0.0077527473,0.7810666,True,high,4
MACHINE_DATA_median,0.007675342,0.0076753423,0.78874195,True,high,4
EDGE_AIR_BAG_PRESSURE_q90,0.0076752575,0.007675258,0.7964172,True,high,4
STAGE_ROTATION_seg3_std,0.007549847,0.0075498475,0.803967,True,high,4
SLURRY_FLOW_LINE_C_iqr,0.0073587075,0.007358708,0.8113257,False,high,4
RETAINER_RING_PRESSURE_std,0.0072123474,0.007212348,0.81853807,False,high,4
SLURRY_FLOW_LINE_A_low_flow_ratio,0.006945828,0.0069458284,0.8254839,False,high,4
SLURRY_FLOW_LINE_B_stability,0.0069149705,0.006914971,0.8323989,False,high,4
SLURRY_FLOW_LINE_C_q10,0.0068456642,0.0068456647,0.83924454,False,high,4
MAIN_OUTER_AIR_BAG_PRESSURE_upper_tail_ratio,0.006790741,0.0067907413,0.8460353,False,high,4
SLURRY_FLOW_LINE_C_seg1_std,0.0066337823,0.0066337828,0.85266906,False,high,4
RETAINER_RING_PRESSURE_seg3_std,0.0066163726,0.006616373,0.8592854,False,high,4
WAFER_ROTATION_seg3_mean,0.0065748794,0.00657488,0.8658603,False,high,4
PRESSURIZED_CHAMBER_PRESSURE_q10,0.00621331,0.0062133106,0.8720736,False,high,4
STAGE_ROTATION_lag1_autocorr,0.0060693445,0.006069345,0.87814295,False,high,4
STAGE_ROTATION_seg3_mean,0.0056787645,0.005678765,0.8838217,False,high,4
RETAINER_RING_PRESSURE_q90,0.005651555,0.0056515555,0.88947326,False,high,4
STAGE_ROTATION_std,0.005392495,0.0053924955,0.89486575,False,high,4
HEAD_ROTATION_slope,0.005366715,0.0053667156,0.9002325,False,high,4
STAGE_ROTATION_slope,0.0053534135,0.005353414,0.9055859,False,high,4
SLURRY_FLOW_LINE_A_seg1_std,0.005322403,0.0053224033,0.9109083,False,high,4
SLURRY_FLOW_LINE_B_seg1_mean,0.005319707,0.0053197076,0.916228,False,high,4
RIPPLE_AIR_BAG_PRESSURE_upper_tail_ratio,0.005070078,0.0050700787,0.9212981,False,high,4
SLURRY_FLOW_LINE_C_seg2_std,0.0050355457,0.005035546,0.9263336,False,high,4
WAFER_ROTATION_seg3_std,0.005032366,0.0050323666,0.93136597,False,high,4
HEAD_ROTATION_seg1_mean,0.004829434,0.0048294347,0.9361954,False,high,4
RETAINER_RING_PRESSURE_seg1_mean,0.0046087285,0.004608729,0.9408041,False,high,4
PRESSURIZED_CHAMBER_PRESSURE_seg3_std,0.0044468543,0.004446855,0.945251,False,high,4
SLURRY_FLOW_LINE_A_q90,0.004411368,0.0044113686,0.9496623,False,high,4
PRESSURIZED_CHAMBER_PRESSURE_upper_tail_ratio,0.0042400137,0.004240014,0.95390236,False,high,4
SLURRY_FLOW_LINE_C_seg1_median,0.0040388135,0.004038814,0.9579412,False,high,4
SLURRY_FLOW_LINE_A_seg1_mean,0.0039973217,0.003997322,0.9619385,False,high,4
USAGE_OF_POLISHING_TABLE_median,0.0038421531,0.0038421534,0.9657807,False,high,4
DRESSING_WATER_STATUS_median,0.0035226468,0.003522647,0.9693033,False,high,4
MAIN_OUTER_AIR_BAG_PRESSURE_seg3_std,0.003466614,0.0034666143,0.9727699,False,high,4
WAFER_ROTATION_slope,0.0033692545,0.0033692548,0.9761392,False,high,4
HEAD_ROTATION_seg2_mean,0.0032952146,0.0032952148,0.97943443,False,high,4
SLURRY_FLOW_LINE_A_iqr,0.0032655336,0.0032655338,0.9827,False,high,4
MAIN_OUTER_AIR_BAG_PRESSURE_std,0.0031144824,0.0031144826,0.98581445,False,high,4
USAGE_OF_DRESSER_TABLE_delta,0.0029410373,0.0029410375,0.98875546,False,high,4
SLURRY_FLOW_LINE_C_seg2_mean,0.0024756978,0.002475698,0.99123114,False,high,4
USAGE_OF_DRESSER_delta,0.0022687388,0.002268739,0.9934999,False,high,4
SLURRY_FLOW_LINE_A_median,0.0022374548,0.002237455,0.9957373,False,high,4
SLURRY_FLOW_LINE_B_seg1_std,0.0018544168,0.0018544169,0.99759173,False,high,4
SLURRY_FLOW_LINE_A_slope,0.0015462541,0.0015462543,0.999138,False,high,4
RIPPLE_AIR_BAG_PRESSURE_seg3_std,0.0008619242,0.00086192426,0.99999994,False,high,4
HEAD_ROTATION_q25,0.0,0.0,0.99999994,False,high,4
EDGE_AIR_BAG_PRESSURE_seg1_std,0.0,0.0,0.99999994,False,high,4
EDGE_AIR_BAG_PRESSURE_seg3_std,0.0,0.0,0.99999994,False,high,4
STAGE_ROTATION_median,0.0,0.0,0.99999994,False,high,4
HEAD_ROTATION_q75,0.0,0.0,0.99999994,False,high,4
STAGE_ROTATION_seg1_std,0.0,0.0,0.99999994,False,high,4
EDGE_AIR_BAG_PRESSURE_upper_tail_ratio,0.0,0.0,0.99999994,False,high,4
HEAD_ROTATION_missing_ratio,0.0,0.0,0.99999994,False,high,4
WAFER_ROTATION_missing_ratio,0.0,0.0,0.99999994,False,high,4
HEAD_ROTATION_q90,0.0,0.0,0.99999994,False,high,4
STAGE_ROTATION_seg1_mean,0.0,0.0,0.99999994,False,high,4
WAFER_ROTATION_valid_ratio,0.0,0.0,0.99999994,False,high,4
DRESSING_WATER_STATUS_q25,0.0,0.0,0.99999994,False,high,4
EDGE_AIR_BAG_PRESSURE_missing_ratio,0.0,0.0,0.99999994,False,high,4
STAGE_ROTATION_q10,0.0,0.0,0.99999994,False,high,4
EDGE_AIR_BAG_PRESSURE_valid_ratio,0.0,0.0,0.99999994,False,high,4
STAGE_ROTATION_missing_ratio,0.0,0.0,0.99999994,False,high,4
STAGE_ROTATION_valid_ratio,0.0,0.0,0.99999994,False,high,4
DRESSING_WATER_STATUS_missing_ratio,0.0,0.0,0.99999994,False,high,4
DRESSING_WATER_STATUS_valid_ratio,0.0,0.0,0.99999994,False,high,4
STAGE_ROTATION_q75,0.0,0.0,0.99999994,False,high,4
DRESSING_WATER_STATUS_q75,0.0,0.0,0.99999994,False,high,4
STAGE_ROTATION_q25,0.0,0.0,0.99999994,False,high,4
HEAD_ROTATION_valid_ratio,0.0,0.0,0.99999994,False,high,4
SOURCE_FILE_NUNIQUE,0.0,0.0,0.99999994,False,high,4
WAFER_ROTATION_q25,0.0,0.0,0.99999994,False,high,4
CHAMBER_missing_ratio,0.0,0.0,0.99999994,False,high,4
PRESSURIZED_CHAMBER_PRESSURE_valid_ratio,0.0,0.0,0.99999994,False,high,4
USAGE_OF_DRESSER_TABLE_missing_ratio,0.0,0.0,0.99999994,False,high,4
USAGE_OF_DRESSER_TABLE_valid_ratio,0.0,0.0,0.99999994,False,high,4
USAGE_OF_POLISHING_TABLE_missing_ratio,0.0,0.0,0.99999994,False,high,4
USAGE_OF_POLISHING_TABLE_valid_ratio,0.0,0.0,0.99999994,False,high,4
USAGE_OF_DRESSER_missing_ratio,0.0,0.0,0.99999994,False,high,4
USAGE_OF_DRESSER_valid_ratio,0.0,0.0,0.99999994,False,high,4
USAGE_OF_BACKING_FILM_missing_ratio,0.0,0.0,0.99999994,False,high,4
USAGE_OF_BACKING_FILM_valid_ratio,0.0,0.0,0.99999994,False,high,4
CHAMBER_zero_ratio,0.0,0.0,0.99999994,False,high,4
CHAMBER_valid_ratio,0.0,0.0,0.99999994,False,high,4
MAIN_OUTER_AIR_BAG_PRESSURE_valid_ratio,0.0,0.0,0.99999994,False,high,4
MACHINE_DATA_zero_ratio,0.0,0.0,0.99999994,False,high,4
MACHINE_DATA_missing_ratio,0.0,0.0,0.99999994,False,high,4
MACHINE_DATA_valid_ratio,0.0,0.0,0.99999994,False,high,4
MACHINE_ID_zero_ratio,0.0,0.0,0.99999994,False,high,4
MACHINE_ID_std,0.0,0.0,0.99999994,False,high,4
MACHINE_ID_missing_ratio,0.0,0.0,0.99999994,False,high,4
MACHINE_ID_valid_ratio,0.0,0.0,0.99999994,False,high,4
MACHINE_ID_q75,0.0,0.0,0.99999994,False,high,4
MACHINE_ID_q25,0.0,0.0,0.99999994,False,high,4
MACHINE_ID_median,0.0,0.0,0.99999994,False,high,4
PRESSURIZED_CHAMBER_PRESSURE_missing_ratio,0.0,0.0,0.99999994,False,high,4
MAIN_OUTER_AIR_BAG_PRESSURE_missing_ratio,0.0,0.0,0.99999994,False,high,4
WAFER_ROTATION_median,0.0,0.0,0.99999994,False,high,4
USAGE_OF_PRESSURIZED_SHEET_valid_ratio,0.0,0.0,0.99999994,False,high,4
SLURRY_FLOW_LINE_C_missing_ratio,0.0,0.0,0.99999994,False,high,4
SLURRY_FLOW_LINE_C_valid_ratio,0.0,0.0,0.99999994,False,high,4
SLURRY_FLOW_LINE_C_q25,0.0,0.0,0.99999994,False,high,4
SLURRY_FLOW_LINE_B_missing_ratio,0.0,0.0,0.99999994,False,high,4
SLURRY_FLOW_LINE_B_valid_ratio,0.0,0.0,0.99999994,False,high,4
SLURRY_FLOW_LINE_A_seg1_median,0.0,0.0,0.99999994,False,high,4
DURATION_SEC,0.0,0.0,0.99999994,False,high,4
SLURRY_FLOW_LINE_A_missing_ratio,0.0,0.0,0.99999994,False,high,4
SLURRY_FLOW_LINE_A_valid_ratio,0.0,0.0,0.99999994,False,high,4
USAGE_OF_PRESSURIZED_SHEET_missing_ratio,0.0,0.0,0.99999994,False,high,4
USAGE_OF_MEMBRANE_missing_ratio,0.0,0.0,0.99999994,False,high,4
MAIN_OUTER_AIR_BAG_PRESSURE_q10,0.0,0.0,0.99999994,False,high,4
USAGE_OF_MEMBRANE_valid_ratio,0.0,0.0,0.99999994,False,high,4
RIPPLE_AIR_BAG_PRESSURE_missing_ratio,0.0,0.0,0.99999994,False,high,4
RIPPLE_AIR_BAG_PRESSURE_valid_ratio,0.0,0.0,0.99999994,False,high,4
RETAINER_RING_PRESSURE_q10,0.0,0.0,0.99999994,False,high,4
RETAINER_RING_PRESSURE_missing_ratio,0.0,0.0,0.99999994,False,high,4
RETAINER_RING_PRESSURE_valid_ratio,0.0,0.0,0.99999994,False,high,4
CENTER_AIR_BAG_PRESSURE_spike_count,0.0,0.0,0.99999994,False,high,4
CENTER_AIR_BAG_PRESSURE_missing_ratio,0.0,0.0,0.99999994,False,high,4
CENTER_AIR_BAG_PRESSURE_valid_ratio,0.0,0.0,0.99999994,False,high,4
MAIN_OUTER_AIR_BAG_PRESSURE_spike_count,0.0,0.0,0.99999994,False,high,4
EDGE_AIR_BAG_PRESSURE_spike_count,0.0,0.0,0.99999994,False,high,4
USAGE_OF_DRESSER_TABLE_median,0.09574531,0.09574531,0.09574531,True,high,5
USAGE_OF_DRESSER_median,0.066973254,0.066973254,0.16271856,True,high,5
USAGE_OF_BACKING_FILM_median,0.050741848,0.050741848,0.21346042,True,high,5
SLURRY_FLOW_LINE_B_seg2_std,0.03834276,0.03834276,0.25180316,True,high,5
PRESSURIZED_CHAMBER_PRESSURE_q75,0.029138818,0.029138818,0.28094196,True,high,5
HEAD_ROTATION_median,0.02902012,0.02902012,0.3099621,True,high,5
SLURRY_FLOW_LINE_A_q75,0.027926616,0.027926616,0.33788872,True,high,5
EDGE_AIR_BAG_PRESSURE_seg1_std,0.025592549,0.025592549,0.36348125,True,high,5
RETAINER_RING_PRESSURE_spike_count,0.024299946,0.024299946,0.3877812,True,high,5
SLURRY_FLOW_LINE_C_seg2_std,0.021557892,0.021557892,0.4093391,True,high,5
RETAINER_RING_PRESSURE_q90,0.02150866,0.02150866,0.43084776,True,high,5
EDGE_AIR_BAG_PRESSURE_q75,0.02131198,0.02131198,0.45215973,True,high,5
SLURRY_FLOW_LINE_B_std,0.020843199,0.020843199,0.47300294,True,high,5
RETAINER_RING_PRESSURE_seg1_mean,0.018898217,0.018898217,0.49190116,True,high,5
CENTER_AIR_BAG_PRESSURE_seg1_std,0.01739478,0.01739478,0.50929594,True,high,5
RIPPLE_AIR_BAG_PRESSURE_q75,0.016763756,0.016763756,0.5260597,True,high,5
CENTER_AIR_BAG_PRESSURE_q90,0.01620487,0.01620487,0.5422646,True,high,5
CENTER_AIR_BAG_PRESSURE_q75,0.015495126,0.015495126,0.5577597,True,high,5
WAFER_ROTATION_slope,0.013762487,0.013762487,0.5715222,True,high,5
WAFER_ROTATION_seg1_std,0.013445254,0.013445254,0.58496743,True,high,5
RETAINER_RING_PRESSURE_std,0.01206934,0.01206934,0.5970368,True,high,5
WAFER_ROTATION_seg1_mean,0.011906803,0.011906803,0.6089436,True,high,5
SLURRY_FLOW_LINE_A_median,0.011577468,0.011577468,0.62052107,True,high,5
SLURRY_FLOW_LINE_C_q90,0.011343737,0.011343737,0.6318648,True,high,5
SLURRY_FLOW_LINE_C_iqr,0.011171562,0.011171562,0.64303637,True,high,5
PRESSURIZED_CHAMBER_PRESSURE_seg1_mean,0.011156179,0.011156179,0.65419257,True,high,5
RETAINER_RING_PRESSURE_q75,0.010332109,0.010332109,0.6645247,True,high,5
PRESSURIZED_CHAMBER_PRESSURE_std,0.010102703,0.010102703,0.67462736,True,high,5
RIPPLE_AIR_BAG_PRESSURE_q90,0.009368851,0.009368851,0.6839962,True,high,5
SLURRY_FLOW_LINE_C_q75,0.009261193,0.009261193,0.6932574,True,high,5
SLURRY_FLOW_LINE_A_slope,0.008857648,0.008857648,0.70211506,True,high,5
SLURRY_FLOW_LINE_C_std,0.008745772,0.008745772,0.71086085,True,high,5
EDGE_AIR_BAG_PRESSURE_seg1_mean,0.008612671,0.008612671,0.71947354,True,high,5
STAGE_ROTATION_lag1_autocorr,0.008528323,0.008528323,0.7280019,True,high,5
HEAD_ROTATION_seg2_std,0.008386665,0.008386665,0.73638856,True,high,5
SLURRY_FLOW_LINE_A_q90,0.008225191,0.008225191,0.74461377,True,high,5
STAGE_ROTATION_seg2_std,0.008188644,0.008188644,0.75280243,True,high,5
HEAD_ROTATION_seg2_mean,0.0080471635,0.0080471635,0.7608496,True,high,5
WAFER_ROTATION_seg2_mean,0.007876868,0.007876868,0.76872647,True,high,5
HEAD_ROTATION_slope,0.0077930945,0.0077930945,0.77651954,True,high,5
WAFER_ROTATION_lag1_autocorr,0.0073616253,0.0073616253,0.7838812,True,high,5
USAGE_OF_POLISHING_TABLE_median,0.0072537144,0.0072537144,0.7911349,True,high,5
SLURRY_FLOW_LINE_C_stability,0.007128353,0.007128353,0.79826325,True,high,5
SLURRY_FLOW_LINE_B_stability,0.007084129,0.007084129,0.8053474,True,high,5
MACHINE_DATA_median,0.006875009,0.006875009,0.8122224,False,high,5
PRESSURIZED_CHAMBER_PRESSURE_upper_tail_ratio,0.0068084253,0.0068084253,0.8190308,False,high,5
EDGE_AIR_BAG_PRESSURE_q90,0.0067631365,0.0067631365,0.825794,False,high,5
MAIN_OUTER_AIR_BAG_PRESSURE_q75,0.0065751276,0.0065751276,0.8323691,False,high,5
MAIN_OUTER_AIR_BAG_PRESSURE_seg1_mean,0.006570973,0.006570973,0.8389401,False,high,5
WAFER_ROTATION_seg2_std,0.0065599065,0.0065599065,0.8455,False,high,5
WAFER_ROTATION_seg3_std,0.0063684755,0.0063684755,0.85186845,False,high,5
SLURRY_FLOW_LINE_C_seg1_median,0.006327094,0.006327094,0.85819554,False,high,5
SLURRY_FLOW_LINE_B_seg1_mean,0.0059751254,0.0059751254,0.8641707,False,high,5
STAGE_ROTATION_slope,0.005874652,0.005874652,0.8700453,False,high,5
SLURRY_FLOW_LINE_B_slope,0.0058018044,0.0058018044,0.8758471,False,high,5
SLURRY_FLOW_LINE_A_low_flow_ratio,0.0056749457,0.0056749457,0.88152206,False,high,5
STAGE_ROTATION_seg3_mean,0.0056240456,0.0056240456,0.8871461,False,high,5
PRESSURIZED_CHAMBER_PRESSURE_spike_count,0.005603114,0.005603114,0.89274925,False,high,5
RETAINER_RING_PRESSURE_upper_tail_ratio,0.005526482,0.005526482,0.89827573,False,high,5
HEAD_ROTATION_std,0.0052454663,0.0052454663,0.9035212,False,high,5
STAGE_ROTATION_seg1_mean,0.0052040764,0.0052040764,0.90872526,False,high,5
HEAD_ROTATION_seg3_mean,0.0051570903,0.0051570903,0.9138824,False,high,5
WAFER_ROTATION_std,0.0051562767,0.0051562767,0.91903865,False,high,5
SLURRY_FLOW_LINE_A_seg1_mean,0.005040734,0.005040734,0.92407936,False,high,5
HEAD_ROTATION_seg1_std,0.0049951887,0.0049951887,0.9290745,False,high,5
WAFER_ROTATION_seg3_mean,0.0048965174,0.0048965174,0.93397105,False,high,5
SLURRY_FLOW_LINE_C_seg1_std,0.0046547805,0.0046547805,0.9386258,False,high,5
STAGE_ROTATION_std,0.004382681,0.004382681,0.9430085,False,high,5
HEAD_ROTATION_seg1_mean,0.0043076677,0.0043076677,0.94731617,False,high,5
MAIN_OUTER_AIR_BAG_PRESSURE_seg3_std,0.004203045,0.004203045,0.9515192,False,high,5
SLURRY_FLOW_LINE_C_q25,0.0041564642,0.0041564642,0.95567566,False,high,5
SLURRY_FLOW_LINE_C_seg1_mean,0.004088104,0.004088104,0.95976377,False,high,5
SLURRY_FLOW_LINE_A_seg1_std,0.004043958,0.004043958,0.9638077,False,high,5
EDGE_AIR_BAG_PRESSURE_seg3_std,0.003912236,0.003912236,0.9677199,False,high,5
USAGE_OF_DRESSER_delta,0.0038682506,0.0038682506,0.97158813,False,high,5
DRESSING_WATER_STATUS_median,0.003863739,0.003863739,0.9754519,False,high,5
MAIN_OUTER_AIR_BAG_PRESSURE_spike_count,0.0037438376,0.0037438376,0.9791957,False,high,5
STAGE_ROTATION_q75,0.0034760956,0.0034760956,0.9826718,False,high,5
MAIN_OUTER_AIR_BAG_PRESSURE_q90,0.0034434616,0.0034434616,0.9861153,False,high,5
STAGE_ROTATION_seg3_std,0.0034270093,0.0034270093,0.9895423,False,high,5
PRESSURIZED_CHAMBER_PRESSURE_seg3_std,0.002947223,0.002947223,0.9924895,False,high,5
STAGE_ROTATION_seg1_std,0.0021411171,0.0021411171,0.99463063,False,high,5
EDGE_AIR_BAG_PRESSURE_upper_tail_ratio,0.002052602,0.002052602,0.99668324,False,high,5
PRESSURIZED_CHAMBER_PRESSURE_q90,0.0018926332,0.0018926332,0.99857587,False,high,5
MAIN_OUTER_AIR_BAG_PRESSURE_std,0.0012759159,0.0012759159,0.99985176,False,high,5
USAGE_OF_DRESSER_TABLE_delta,0.00014835782,0.00014835782,1.0000001,False,high,5
HEAD_ROTATION_q90,0.0,0.0,1.0000001,False,high,5
STAGE_ROTATION_q10,0.0,0.0,1.0000001,False,high,5
STAGE_ROTATION_missing_ratio,0.0,0.0,1.0000001,False,high,5
EDGE_AIR_BAG_PRESSURE_missing_ratio,0.0,0.0,1.0000001,False,high,5
EDGE_AIR_BAG_PRESSURE_valid_ratio,0.0,0.0,1.0000001,False,high,5
WAFER_ROTATION_median,0.0,0.0,1.0000001,False,high,5
WAFER_ROTATION_q25,0.0,0.0,1.0000001,False,high,5
DRESSING_WATER_STATUS_missing_ratio,0.0,0.0,1.0000001,False,high,5
DRESSING_WATER_STATUS_valid_ratio,0.0,0.0,1.0000001,False,high,5
DRESSING_WATER_STATUS_q75,0.0,0.0,1.0000001,False,high,5
WAFER_ROTATION_q75,0.0,0.0,1.0000001,False,high,5
STAGE_ROTATION_valid_ratio,0.0,0.0,1.0000001,False,high,5
HEAD_ROTATION_q25,0.0,0.0,1.0000001,False,high,5
DRESSING_WATER_STATUS_q25,0.0,0.0,1.0000001,False,high,5
WAFER_ROTATION_valid_ratio,0.0,0.0,1.0000001,False,high,5
WAFER_ROTATION_missing_ratio,0.0,0.0,1.0000001,False,high,5
STAGE_ROTATION_q25,0.0,0.0,1.0000001,False,high,5
STAGE_ROTATION_median,0.0,0.0,1.0000001,False,high,5
HEAD_ROTATION_q75,0.0,0.0,1.0000001,False,high,5
HEAD_ROTATION_valid_ratio,0.0,0.0,1.0000001,False,high,5
HEAD_ROTATION_missing_ratio,0.0,0.0,1.0000001,False,high,5
SOURCE_FILE_NUNIQUE,0.0,0.0,1.0000001,False,high,5
SLURRY_FLOW_LINE_A_iqr,0.0,0.0,1.0000001,False,high,5
SLURRY_FLOW_LINE_C_seg2_mean,0.0,0.0,1.0000001,False,high,5
MAIN_OUTER_AIR_BAG_PRESSURE_missing_ratio,0.0,0.0,1.0000001,False,high,5
PRESSURIZED_CHAMBER_PRESSURE_q10,0.0,0.0,1.0000001,False,high,5
PRESSURIZED_CHAMBER_PRESSURE_missing_ratio,0.0,0.0,1.0000001,False,high,5
PRESSURIZED_CHAMBER_PRESSURE_valid_ratio,0.0,0.0,1.0000001,False,high,5
PRESSURIZED_CHAMBER_PRESSURE_median,0.0,0.0,1.0000001,False,high,5
USAGE_OF_DRESSER_TABLE_missing_ratio,0.0,0.0,1.0000001,False,high,5
USAGE_OF_DRESSER_TABLE_valid_ratio,0.0,0.0,1.0000001,False,high,5
USAGE_OF_POLISHING_TABLE_missing_ratio,0.0,0.0,1.0000001,False,high,5
USAGE_OF_POLISHING_TABLE_valid_ratio,0.0,0.0,1.0000001,False,high,5
USAGE_OF_DRESSER_missing_ratio,0.0,0.0,1.0000001,False,high,5
USAGE_OF_DRESSER_valid_ratio,0.0,0.0,1.0000001,False,high,5
USAGE_OF_BACKING_FILM_missing_ratio,0.0,0.0,1.0000001,False,high,5
USAGE_OF_BACKING_FILM_valid_ratio,0.0,0.0,1.0000001,False,high,5
CHAMBER_zero_ratio,0.0,0.0,1.0000001,False,high,5
CHAMBER_missing_ratio,0.0,0.0,1.0000001,False,high,5
CHAMBER_valid_ratio,0.0,0.0,1.0000001,False,high,5
MACHINE_DATA_zero_ratio,0.0,0.0,1.0000001,False,high,5
MACHINE_DATA_missing_ratio,0.0,0.0,1.0000001,False,high,5
MACHINE_DATA_valid_ratio,0.0,0.0,1.0000001,False,high,5
MACHINE_ID_zero_ratio,0.0,0.0,1.0000001,False,high,5
MACHINE_ID_std,0.0,0.0,1.0000001,False,high,5
MACHINE_ID_missing_ratio,0.0,0.0,1.0000001,False,high,5
MACHINE_ID_valid_ratio,0.0,0.0,1.0000001,False,high,5
MACHINE_ID_q75,0.0,0.0,1.0000001,False,high,5
MACHINE_ID_q25,0.0,0.0,1.0000001,False,high,5
MACHINE_ID_median,0.0,0.0,1.0000001,False,high,5
MAIN_OUTER_AIR_BAG_PRESSURE_valid_ratio,0.0,0.0,1.0000001,False,high,5
MAIN_OUTER_AIR_BAG_PRESSURE_q10,0.0,0.0,1.0000001,False,high,5
SLURRY_FLOW_LINE_C_q10,0.0,0.0,1.0000001,False,high,5
MAIN_OUTER_AIR_BAG_PRESSURE_upper_tail_ratio,0.0,0.0,1.0000001,False,high,5
SLURRY_FLOW_LINE_C_missing_ratio,0.0,0.0,1.0000001,False,high,5
SLURRY_FLOW_LINE_C_valid_ratio,0.0,0.0,1.0000001,False,high,5
SLURRY_FLOW_LINE_B_seg1_std,0.0,0.0,1.0000001,False,high,5
SLURRY_FLOW_LINE_B_missing_ratio,0.0,0.0,1.0000001,False,high,5
SLURRY_FLOW_LINE_B_valid_ratio,0.0,0.0,1.0000001,False,high,5
SLURRY_FLOW_LINE_A_seg1_median,0.0,0.0,1.0000001,False,high,5
DURATION_SEC,0.0,0.0,1.0000001,False,high,5
SLURRY_FLOW_LINE_A_missing_ratio,0.0,0.0,1.0000001,False,high,5
SLURRY_FLOW_LINE_A_valid_ratio,0.0,0.0,1.0000001,False,high,5
USAGE_OF_PRESSURIZED_SHEET_missing_ratio,0.0,0.0,1.0000001,False,high,5
USAGE_OF_PRESSURIZED_SHEET_valid_ratio,0.0,0.0,1.0000001,False,high,5
USAGE_OF_MEMBRANE_missing_ratio,0.0,0.0,1.0000001,False,high,5
USAGE_OF_MEMBRANE_valid_ratio,0.0,0.0,1.0000001,False,high,5
RIPPLE_AIR_BAG_PRESSURE_spike_count,0.0,0.0,1.0000001,False,high,5
RIPPLE_AIR_BAG_PRESSURE_upper_tail_ratio,0.0,0.0,1.0000001,False,high,5
RIPPLE_AIR_BAG_PRESSURE_seg3_std,0.0,0.0,1.0000001,False,high,5
RIPPLE_AIR_BAG_PRESSURE_missing_ratio,0.0,0.0,1.0000001,False,high,5
RIPPLE_AIR_BAG_PRESSURE_valid_ratio,0.0,0.0,1.0000001,False,high,5
RETAINER_RING_PRESSURE_seg3_std,0.0,0.0,1.0000001,False,high,5
RETAINER_RING_PRESSURE_q10,0.0,0.0,1.0000001,False,high,5
RETAINER_RING_PRESSURE_missing_ratio,0.0,0.0,1.0000001,False,high,5
RETAINER_RING_PRESSURE_valid_ratio,0.0,0.0,1.0000001,False,high,5
CENTER_AIR_BAG_PRESSURE_spike_count,0.0,0.0,1.0000001,False,high,5
CENTER_AIR_BAG_PRESSURE_missing_ratio,0.0,0.0,1.0000001,False,high,5
CENTER_AIR_BAG_PRESSURE_valid_ratio,0.0,0.0,1.0000001,False,high,5
EDGE_AIR_BAG_PRESSURE_spike_count,0.0,0.0,1.0000001,False,high,5
USAGE_OF_DRESSER_TABLE_median,0.07585961,0.07585962,0.07585962,True,high,final_refit
WAFER_ROTATION_seg3_mean,0.04441544,0.044415444,0.120275065,True,high,final_refit
USAGE_OF_DRESSER_median,0.042624317,0.04262432,0.16289939,True,high,final_refit
USAGE_OF_BACKING_FILM_median,0.035478663,0.035478666,0.19837806,True,high,final_refit
WAFER_ROTATION_seg1_std,0.026722806,0.026722807,0.22510086,True,high,final_refit
RETAINER_RING_PRESSURE_q75,0.023962235,0.023962237,0.2490631,True,high,final_refit
PRESSURIZED_CHAMBER_PRESSURE_q75,0.022283308,0.02228331,0.27134642,True,high,final_refit
STAGE_ROTATION_median,0.021989256,0.021989258,0.29333568,True,high,final_refit
RETAINER_RING_PRESSURE_upper_tail_ratio,0.021011231,0.021011233,0.3143469,True,high,final_refit
RETAINER_RING_PRESSURE_std,0.018909346,0.018909348,0.33325624,True,high,final_refit
SLURRY_FLOW_LINE_B_std,0.016775435,0.016775437,0.35003167,True,high,final_refit
PRESSURIZED_CHAMBER_PRESSURE_q90,0.016318167,0.016318168,0.36634985,True,high,final_refit
SLURRY_FLOW_LINE_B_seg2_std,0.015728569,0.01572857,0.3820784,True,high,final_refit
SLURRY_FLOW_LINE_C_q75,0.0155925695,0.01559257,0.39767098,True,high,final_refit
CENTER_AIR_BAG_PRESSURE_q75,0.015388149,0.01538815,0.41305915,True,high,final_refit
SLURRY_FLOW_LINE_C_q90,0.015162092,0.015162093,0.42822123,True,high,final_refit
RETAINER_RING_PRESSURE_seg1_mean,0.014740729,0.01474073,0.44296196,True,high,final_refit
EDGE_AIR_BAG_PRESSURE_q90,0.0143791195,0.01437912,0.45734107,True,high,final_refit
MAIN_OUTER_AIR_BAG_PRESSURE_seg1_mean,0.014169092,0.014169093,0.47151017,True,high,final_refit
STAGE_ROTATION_q75,0.013716859,0.01371686,0.48522702,True,high,final_refit
SLURRY_FLOW_LINE_C_seg1_median,0.013466988,0.013466989,0.498694,True,high,final_refit
WAFER_ROTATION_seg2_std,0.013090408,0.013090409,0.51178443,True,high,final_refit
RIPPLE_AIR_BAG_PRESSURE_q90,0.012754175,0.012754176,0.52453864,True,high,final_refit
EDGE_AIR_BAG_PRESSURE_seg1_mean,0.012452496,0.012452497,0.5369911,True,high,final_refit
SLURRY_FLOW_LINE_A_seg1_median,0.012366778,0.012366779,0.5493579,True,high,final_refit
MAIN_OUTER_AIR_BAG_PRESSURE_q75,0.012116014,0.012116015,0.5614739,True,high,final_refit
HEAD_ROTATION_seg1_mean,0.012086652,0.012086653,0.57356054,True,high,final_refit
HEAD_ROTATION_seg1_std,0.011640684,0.011640685,0.5852012,True,high,final_refit
RETAINER_RING_PRESSURE_seg3_std,0.011219484,0.011219485,0.5964207,True,high,final_refit
SLURRY_FLOW_LINE_A_seg1_mean,0.011050473,0.011050474,0.60747117,True,high,final_refit
SLURRY_FLOW_LINE_A_median,0.010666718,0.010666719,0.6181379,True,high,final_refit
WAFER_ROTATION_slope,0.010629465,0.010629466,0.6287674,True,high,final_refit
SLURRY_FLOW_LINE_A_slope,0.010520754,0.010520755,0.6392881,True,high,final_refit
WAFER_ROTATION_seg1_mean,0.010204977,0.010204978,0.6494931,True,high,final_refit
HEAD_ROTATION_slope,0.01004167,0.010041671,0.65953475,True,high,final_refit
SLURRY_FLOW_LINE_A_q75,0.009356345,0.009356346,0.6688911,True,high,final_refit
STAGE_ROTATION_seg3_std,0.009316465,0.009316466,0.6782075,True,high,final_refit
CENTER_AIR_BAG_PRESSURE_q90,0.00907301,0.009073011,0.68728054,True,high,final_refit
USAGE_OF_POLISHING_TABLE_median,0.008941018,0.008941019,0.69622153,True,high,final_refit
HEAD_ROTATION_seg3_mean,0.0088718245,0.008871825,0.7050934,True,high,final_refit
SLURRY_FLOW_LINE_C_std,0.008690871,0.008690872,0.7137843,True,high,final_refit
SLURRY_FLOW_LINE_B_stability,0.008495444,0.008495445,0.7222797,True,high,final_refit
WAFER_ROTATION_lag1_autocorr,0.008051895,0.008051896,0.7303316,True,high,final_refit
PRESSURIZED_CHAMBER_PRESSURE_median,0.008004451,0.008004452,0.738336,True,high,final_refit
SLURRY_FLOW_LINE_B_seg1_std,0.007845004,0.007845005,0.746181,True,high,final_refit
SLURRY_FLOW_LINE_C_iqr,0.007776019,0.0077760196,0.75395703,True,high,final_refit
SLURRY_FLOW_LINE_C_stability,0.0077152047,0.007715205,0.76167226,True,high,final_refit
STAGE_ROTATION_std,0.0075563244,0.007556325,0.7692286,True,high,final_refit
PRESSURIZED_CHAMBER_PRESSURE_std,0.007548772,0.0075487723,0.7767773,True,high,final_refit
STAGE_ROTATION_slope,0.007526326,0.0075263265,0.78430367,True,high,final_refit
PRESSURIZED_CHAMBER_PRESSURE_seg1_mean,0.007457799,0.0074577993,0.79176146,True,high,final_refit
STAGE_ROTATION_seg2_std,0.007351755,0.0073517556,0.7991132,True,high,final_refit
MACHINE_DATA_median,0.0073379665,0.007337967,0.8064512,True,high,final_refit
WAFER_ROTATION_seg3_std,0.007276278,0.0072762785,0.8137275,False,high,final_refit
SLURRY_FLOW_LINE_C_seg1_std,0.007187174,0.0071871746,0.8209147,False,high,final_refit
WAFER_ROTATION_std,0.007113642,0.0071136425,0.8280283,False,high,final_refit
HEAD_ROTATION_seg2_std,0.007022748,0.0070227482,0.83505106,False,high,final_refit
HEAD_ROTATION_seg2_mean,0.0069856453,0.0069856457,0.8420367,False,high,final_refit
EDGE_AIR_BAG_PRESSURE_upper_tail_ratio,0.0069852783,0.006985279,0.84902203,False,high,final_refit
SLURRY_FLOW_LINE_A_iqr,0.0069031646,0.006903165,0.8559252,False,high,final_refit
SLURRY_FLOW_LINE_A_q90,0.006874079,0.0068740794,0.8627993,False,high,final_refit
PRESSURIZED_CHAMBER_PRESSURE_seg3_std,0.0068732267,0.006873227,0.86967254,False,high,final_refit
MAIN_OUTER_AIR_BAG_PRESSURE_std,0.006842513,0.0068425136,0.87651503,False,high,final_refit
SLURRY_FLOW_LINE_A_seg1_std,0.00679305,0.0067930506,0.88330805,False,high,final_refit
SLURRY_FLOW_LINE_C_seg2_std,0.006737271,0.0067372713,0.89004534,False,high,final_refit
EDGE_AIR_BAG_PRESSURE_q75,0.0067061237,0.006706124,0.89675146,False,high,final_refit
RIPPLE_AIR_BAG_PRESSURE_q75,0.006623602,0.0066236025,0.9033751,False,high,final_refit
RETAINER_RING_PRESSURE_q90,0.00631102,0.0063110203,0.9096861,False,high,final_refit
STAGE_ROTATION_seg1_mean,0.006161909,0.0061619096,0.915848,False,high,final_refit
STAGE_ROTATION_seg3_mean,0.0060178745,0.006017875,0.9218659,False,high,final_refit
SLURRY_FLOW_LINE_B_slope,0.0060000787,0.006000079,0.927866,False,high,final_refit
WAFER_ROTATION_seg2_mean,0.005909688,0.0059096883,0.93377566,False,high,final_refit
MAIN_OUTER_AIR_BAG_PRESSURE_q90,0.0058746208,0.005874621,0.9396503,False,high,final_refit
DRESSING_WATER_STATUS_median,0.005860412,0.0058604125,0.9455107,False,high,final_refit
SLURRY_FLOW_LINE_C_seg1_mean,0.0056942496,0.00569425,0.95120496,False,high,final_refit
HEAD_ROTATION_std,0.0054994235,0.005499424,0.9567044,False,high,final_refit
STAGE_ROTATION_lag1_autocorr,0.0053870566,0.005387057,0.96209145,False,high,final_refit
SLURRY_FLOW_LINE_A_low_flow_ratio,0.005253414,0.0052534146,0.9673449,False,high,final_refit
WAFER_ROTATION_q75,0.005245626,0.0052456264,0.9725905,False,high,final_refit
PRESSURIZED_CHAMBER_PRESSURE_spike_count,0.004343019,0.0043430193,0.97693354,False,high,final_refit
MAIN_OUTER_AIR_BAG_PRESSURE_spike_count,0.00397759,0.0039775902,0.98091114,False,high,final_refit
RIPPLE_AIR_BAG_PRESSURE_upper_tail_ratio,0.003956719,0.0039567193,0.9848679,False,high,final_refit
PRESSURIZED_CHAMBER_PRESSURE_upper_tail_ratio,0.003950501,0.0039505013,0.98881835,False,high,final_refit
CENTER_AIR_BAG_PRESSURE_seg1_std,0.003662045,0.0036620453,0.9924804,False,high,final_refit
RIPPLE_AIR_BAG_PRESSURE_seg3_std,0.0031372318,0.003137232,0.9956176,False,high,final_refit
SLURRY_FLOW_LINE_B_seg1_mean,0.0030608666,0.0030608668,0.9986785,False,high,final_refit
USAGE_OF_DRESSER_delta,0.0013215758,0.001321576,1.0000001,False,high,final_refit
HEAD_ROTATION_q75,0.0,0.0,1.0000001,False,high,final_refit
WAFER_ROTATION_valid_ratio,0.0,0.0,1.0000001,False,high,final_refit
WAFER_ROTATION_median,0.0,0.0,1.0000001,False,high,final_refit
EDGE_AIR_BAG_PRESSURE_seg3_std,0.0,0.0,1.0000001,False,high,final_refit
EDGE_AIR_BAG_PRESSURE_seg1_std,0.0,0.0,1.0000001,False,high,final_refit
STAGE_ROTATION_missing_ratio,0.0,0.0,1.0000001,False,high,final_refit
EDGE_AIR_BAG_PRESSURE_missing_ratio,0.0,0.0,1.0000001,False,high,final_refit
EDGE_AIR_BAG_PRESSURE_valid_ratio,0.0,0.0,1.0000001,False,high,final_refit
STAGE_ROTATION_q25,0.0,0.0,1.0000001,False,high,final_refit
WAFER_ROTATION_q25,0.0,0.0,1.0000001,False,high,final_refit
STAGE_ROTATION_q10,0.0,0.0,1.0000001,False,high,final_refit
WAFER_ROTATION_missing_ratio,0.0,0.0,1.0000001,False,high,final_refit
DRESSING_WATER_STATUS_missing_ratio,0.0,0.0,1.0000001,False,high,final_refit
HEAD_ROTATION_valid_ratio,0.0,0.0,1.0000001,False,high,final_refit
DRESSING_WATER_STATUS_valid_ratio,0.0,0.0,1.0000001,False,high,final_refit
DRESSING_WATER_STATUS_q75,0.0,0.0,1.0000001,False,high,final_refit
DRESSING_WATER_STATUS_q25,0.0,0.0,1.0000001,False,high,final_refit
STAGE_ROTATION_seg1_std,0.0,0.0,1.0000001,False,high,final_refit
HEAD_ROTATION_median,0.0,0.0,1.0000001,False,high,final_refit
HEAD_ROTATION_q25,0.0,0.0,1.0000001,False,high,final_refit
STAGE_ROTATION_valid_ratio,0.0,0.0,1.0000001,False,high,final_refit
HEAD_ROTATION_missing_ratio,0.0,0.0,1.0000001,False,high,final_refit
HEAD_ROTATION_q90,0.0,0.0,1.0000001,False,high,final_refit
SOURCE_FILE_NUNIQUE,0.0,0.0,1.0000001,False,high,final_refit
SLURRY_FLOW_LINE_C_seg2_mean,0.0,0.0,1.0000001,False,high,final_refit
CHAMBER_zero_ratio,0.0,0.0,1.0000001,False,high,final_refit
PRESSURIZED_CHAMBER_PRESSURE_missing_ratio,0.0,0.0,1.0000001,False,high,final_refit
PRESSURIZED_CHAMBER_PRESSURE_valid_ratio,0.0,0.0,1.0000001,False,high,final_refit
USAGE_OF_DRESSER_TABLE_delta,0.0,0.0,1.0000001,False,high,final_refit
USAGE_OF_DRESSER_TABLE_missing_ratio,0.0,0.0,1.0000001,False,high,final_refit
USAGE_OF_DRESSER_TABLE_valid_ratio,0.0,0.0,1.0000001,False,high,final_refit
USAGE_OF_POLISHING_TABLE_missing_ratio,0.0,0.0,1.0000001,False,high,final_refit
USAGE_OF_POLISHING_TABLE_valid_ratio,0.0,0.0,1.0000001,False,high,final_refit
USAGE_OF_DRESSER_missing_ratio,0.0,0.0,1.0000001,False,high,final_refit
USAGE_OF_DRESSER_valid_ratio,0.0,0.0,1.0000001,False,high,final_refit
USAGE_OF_BACKING_FILM_missing_ratio,0.0,0.0,1.0000001,False,high,final_refit
USAGE_OF_BACKING_FILM_valid_ratio,0.0,0.0,1.0000001,False,high,final_refit
CHAMBER_missing_ratio,0.0,0.0,1.0000001,False,high,final_refit
MAIN_OUTER_AIR_BAG_PRESSURE_valid_ratio,0.0,0.0,1.0000001,False,high,final_refit
CHAMBER_valid_ratio,0.0,0.0,1.0000001,False,high,final_refit
MACHINE_DATA_zero_ratio,0.0,0.0,1.0000001,False,high,final_refit
MACHINE_DATA_missing_ratio,0.0,0.0,1.0000001,False,high,final_refit
MACHINE_DATA_valid_ratio,0.0,0.0,1.0000001,False,high,final_refit
MACHINE_ID_zero_ratio,0.0,0.0,1.0000001,False,high,final_refit
MACHINE_ID_std,0.0,0.0,1.0000001,False,high,final_refit
MACHINE_ID_missing_ratio,0.0,0.0,1.0000001,False,high,final_refit
MACHINE_ID_valid_ratio,0.0,0.0,1.0000001,False,high,final_refit
MACHINE_ID_q75,0.0,0.0,1.0000001,False,high,final_refit
MACHINE_ID_q25,0.0,0.0,1.0000001,False,high,final_refit
MACHINE_ID_median,0.0,0.0,1.0000001,False,high,final_refit
PRESSURIZED_CHAMBER_PRESSURE_q10,0.0,0.0,1.0000001,False,high,final_refit
MAIN_OUTER_AIR_BAG_PRESSURE_missing_ratio,0.0,0.0,1.0000001,False,high,final_refit
SLURRY_FLOW_LINE_C_q10,0.0,0.0,1.0000001,False,high,final_refit
USAGE_OF_MEMBRANE_valid_ratio,0.0,0.0,1.0000001,False,high,final_refit
SLURRY_FLOW_LINE_C_missing_ratio,0.0,0.0,1.0000001,False,high,final_refit
SLURRY_FLOW_LINE_C_valid_ratio,0.0,0.0,1.0000001,False,high,final_refit
SLURRY_FLOW_LINE_C_q25,0.0,0.0,1.0000001,False,high,final_refit
SLURRY_FLOW_LINE_B_missing_ratio,0.0,0.0,1.0000001,False,high,final_refit
SLURRY_FLOW_LINE_B_valid_ratio,0.0,0.0,1.0000001,False,high,final_refit
DURATION_SEC,0.0,0.0,1.0000001,False,high,final_refit
SLURRY_FLOW_LINE_A_missing_ratio,0.0,0.0,1.0000001,False,high,final_refit
SLURRY_FLOW_LINE_A_valid_ratio,0.0,0.0,1.0000001,False,high,final_refit
USAGE_OF_PRESSURIZED_SHEET_missing_ratio,0.0,0.0,1.0000001,False,high,final_refit
USAGE_OF_PRESSURIZED_SHEET_valid_ratio,0.0,0.0,1.0000001,False,high,final_refit
USAGE_OF_MEMBRANE_missing_ratio,0.0,0.0,1.0000001,False,high,final_refit
RIPPLE_AIR_BAG_PRESSURE_spike_count,0.0,0.0,1.0000001,False,high,final_refit
MAIN_OUTER_AIR_BAG_PRESSURE_q10,0.0,0.0,1.0000001,False,high,final_refit
RIPPLE_AIR_BAG_PRESSURE_missing_ratio,0.0,0.0,1.0000001,False,high,final_refit
RIPPLE_AIR_BAG_PRESSURE_valid_ratio,0.0,0.0,1.0000001,False,high,final_refit
RETAINER_RING_PRESSURE_spike_count,0.0,0.0,1.0000001,False,high,final_refit
RETAINER_RING_PRESSURE_q10,0.0,0.0,1.0000001,False,high,final_refit
RETAINER_RING_PRESSURE_missing_ratio,0.0,0.0,1.0000001,False,high,final_refit
RETAINER_RING_PRESSURE_valid_ratio,0.0,0.0,1.0000001,False,high,final_refit
CENTER_AIR_BAG_PRESSURE_spike_count,0.0,0.0,1.0000001,False,high,final_refit
CENTER_AIR_BAG_PRESSURE_missing_ratio,0.0,0.0,1.0000001,False,high,final_refit
CENTER_AIR_BAG_PRESSURE_valid_ratio,0.0,0.0,1.0000001,False,high,final_refit
MAIN_OUTER_AIR_BAG_PRESSURE_upper_tail_ratio,0.0,0.0,1.0000001,False,high,final_refit
MAIN_OUTER_AIR_BAG_PRESSURE_seg3_std,0.0,0.0,1.0000001,False,high,final_refit
EDGE_AIR_BAG_PRESSURE_spike_count,0.0,0.0,1.0000001,False,high,final_refit
